channel,headline,display_domain,indexed_url,snippet,trigger_query,attacker_source,vid,click_destination,severity
Organic (parasite SEO),Amble Compounded Tirzepatide: Is It Right for You?,mail.mattioli1885journals.com,https://mail.mattioli1885journals.com/plugins/generic/pdfJsViewer/pdf.js/web/viewer.html?file=%2Findex.php%2Findex%2Flogin%2FsignOut%3Fsource%3D.dmouw13.top&vid=63hjHJudYh,"Jun 24, 2026 — Amble Compounded Tirzepatide offers a lower-cost alternative to brand-name GLP-1 drugs, but only if you meet specific medical criteria. Read more",site:mail.mattioli1885journals.com amble,dmouw13.top,63hjHJudYh,glp-1.healthbenefit.vip (post-click redirect — user-verified for Amble),HIGH
Organic (parasite SEO),Amble Health for Non-diabetic GLP-1 Weight Loss,www.mattioli1885journals.com,https://www.mattioli1885journals.com/plugins/generic/pdfJsViewer/pdf.js/web/viewer.html?file=%2Findex.php%2Findex%2Flogin%2FsignOut%3Fsource%3D.ojsnua44.top&vid=5w77tcmb0m,"Jun 6, 2026 — Amble Health offers a GLP-1 weight loss program tailored for non-diabetic individuals seeking effective, medically supervised weight management. Read more","""amble health"" glp-1",ojsnua44.top,5w77tcmb0m,glp-1.healthbenefit.vip (post-click redirect — user-verified for Amble),HIGH
Organic (parasite SEO),Amble Health GLP-1: What to Expect from Telehealth Support,www.mattioli1885journals.com,https://www.mattioli1885journals.com/plugins/generic/pdfJsViewer/pdf.js/web/viewer.html?file=%2Findex.php%2Findex%2Flogin%2FsignOut%3Fsource%3D.ojsnua44.top&vid=5u1bsVPvnP,"Jun 1, 2026 — The Amble Health platform includes a symptom-logging feature that helps the clinician distinguish between common manageable issues and patterns ... Read more","site:mattioli1885journals.com ""amble health""",ojsnua44.top,5u1bsVPvnP,glp-1.healthbenefit.vip (post-click redirect — user-verified for Amble),HIGH
Organic (parasite SEO),Amble Health Review: What to Know Before Joining,www.mattioli1885journals.com,https://www.mattioli1885journals.com/plugins/generic/pdfJsViewer/pdf.js/web/viewer.html?file=%2Findex.php%2Findex%2Flogin%2FsignOut%3Fsource%3D.ojsnua44.top&vid=5w77tcmb0l,"Jun 6, 2026 — Amble Health is a telehealth platform connecting patients with licensed providers for GLP-1 prescriptions. · Most plans require a monthly ... Read more","""amble health"" glp-1",ojsnua44.top,5w77tcmb0l,glp-1.healthbenefit.vip (post-click redirect — user-verified for Amble),HIGH
Organic (parasite SEO),Amble Health Reviews: Long-term Support for GLP-1 Users,www.mattioli1885journals.com,https://www.mattioli1885journals.com/plugins/generic/pdfJsViewer/pdf.js/web/viewer.html?file=%2Findex.php%2Findex%2Flogin%2FsignOut%3Fsource%3D.ojsnua44.top&vid=5ta6J1x8hf,"May 31, 2026 — Amble Health's GLP-1 support program targets adherence through behavioral coaching and symptom tracking, factors that systematic reviews ...","site:mattioli1885journals.com ""amble health""",ojsnua44.top,5ta6J1x8hf,glp-1.healthbenefit.vip (post-click redirect — user-verified for Amble),HIGH
Organic (parasite SEO),Amble Health: Your Gateway to Affordable GLP-1 Plans,www.mattioli1885journals.com,https://www.mattioli1885journals.com/plugins/generic/pdfJsViewer/pdf.js/web/viewer.html?file=%2Findex.php%2Findex%2Flogin%2FsignOut%3Fsource%3D.ojsnua44.top&vid=5vhMFFAeVa,"Jun 5, 2026 — Affordable access: Amble Health curates plans that reduce out-of-pocket costs for GLP-1 medications like semaglutide and tirzepatide. Read more","""amble health"" glp-1",ojsnua44.top,5vhMFFAeVa,glp-1.healthbenefit.vip (post-click redirect — user-verified for Amble),HIGH
Organic (parasite SEO),"amble semaglutide - how it works, cost, and side effects (e67equoo)",revistasad.com,https://revistasad.com/plugins/generic/pdfJsViewer/pdf.js/web/viewer.html?file=%2Findex.php%2Findex%2Flogin%2FsignOut%3Fsource%3D.ojsnua44.top&vid=65fQ075Z0q,"Amble semaglutide is a compounded GLP-1 receptor agonist designed for weight loss. It works by mimicking the natural hormone GLP-1, which helps ...",amble compounded semaglutide,ojsnua44.top,65fQ075Z0q,glp-1.healthbenefit.vip (post-click redirect — user-verified for Amble),HIGH
Organic (parasite SEO),amble semaglutide - What to expect from this medication ...,revistainfectio.org,https://revistainfectio.org/plugins/generic/pdfJsViewer/pdf.js/web/viewer.html?file=%2Findex.php%2Findex%2Flogin%2FsignOut%3Fsource%3D.ojsnua44.top&vid=65fQ075Z0j,"Jun 28, 2026 — Amble semaglutide offers a convenient and more affordable alternative to brand-name GLP-1 drugs for weight loss, but it comes with ... Read more",amble semaglutide,ojsnua44.top,65fQ075Z0j,glp-1.healthbenefit.vip (post-click redirect — user-verified for Amble),HIGH
Organic (parasite SEO),Amble Semaglutide and Local Clinics: Comparing Care Models,mail.mattioli1885journals.com,https://mail.mattioli1885journals.com/plugins/generic/pdfJsViewer/pdf.js/web/viewer.html?file=%2Findex.php%2Findex%2Flogin%2FsignOut%3Fsource%3D.dmouw13.top&vid=66W0pmLkp8,Amble is a telehealth service that connects patients with licensed providers who can prescribe compounded semaglutide for weight management.,site:mail.mattioli1885journals.com amble,dmouw13.top,66W0pmLkp8,glp-1.healthbenefit.vip (post-click redirect — user-verified for Amble),HIGH
Organic (parasite SEO),Amble Semaglutide and Nearby GLP-1 Clinics Reviewed,office2.jmbfs.org,https://office2.jmbfs.org/plugins/generic/pdfJsViewer/pdf.js/web/viewer.html?file=%2Findex.php%2Findex%2Flogin%2FsignOut%3Fsource%3D.cami680.top&vid=68gNqsFRIU,"9 hours ago — Amble offers a streamlined online path to semaglutide, but nearby GLP-1 clinics provide in-person oversight. Your choice depends on budget, ... Read more",site:office2.jmbfs.org amble,cami680.top,68gNqsFRIU,glp-1.healthbenefit.vip (post-click redirect — user-verified for Amble),HIGH
Organic (parasite SEO),Amble Semaglutide and Semaglutide Tablets Price Comparison,mail.mattioli1885journals.com,https://mail.mattioli1885journals.com/plugins/generic/pdfJsViewer/pdf.js/web/viewer.html?file=%2Findex.php%2Findex%2Flogin%2FsignOut%3Fsource%3D.dmouw13.top&vid=66W0pmLkp9,"5 days ago — Amble is a telehealth platform that prescribes compounded semaglutide. Because it's a compounded drug (not FDA-approved as a brand), the price ... Read more",site:mattioli1885journals.com amble,dmouw13.top,66W0pmLkp9,glp-1.healthbenefit.vip (post-click redirect — user-verified for Amble),HIGH
Organic (parasite SEO),Amble Semaglutide Clinic Near Me: How to Check Regulatory ...,mail.mattioli1885journals.com,https://mail.mattioli1885journals.com/plugins/generic/pdfJsViewer/pdf.js/web/viewer.html?file=%2Findex.php%2Findex%2Flogin%2FsignOut%3Fsource%3D.dmouw13.top&vid=66s33LUvgq,5 days ago — An Amble Semaglutide clinic refers to any practice—online or physical—that prescribes or dispenses semaglutide under the name 'Amble.',site:mail.mattioli1885journals.com amble,dmouw13.top,66s33LUvgq,glp-1.healthbenefit.vip (post-click redirect — user-verified for Amble),HIGH
Organic (parasite SEO),Amble Semaglutide Clinic Near Me: Telehealth Convenience,office2.jmbfs.org,https://office2.jmbfs.org/plugins/generic/pdfJsViewer/pdf.js/web/viewer.html?file=%2Findex.php%2Findex%2Flogin%2FsignOut%3Fsource%3D.cami680.top&vid=66vhVjE516,"4 days ago — Amble is a telehealth platform that connects you with licensed healthcare providers who can prescribe semaglutide. It operates entirely online, ... Read more",site:office2.jmbfs.org amble,cami680.top,66vhVjE516,glp-1.healthbenefit.vip (post-click redirect — user-verified for Amble),HIGH
Organic (parasite SEO),Amble Semaglutide Clinic Near Me: What Services Are Offered?,office2.jmbfs.org,https://office2.jmbfs.org/plugins/generic/pdfJsViewer/pdf.js/web/viewer.html?file=%2Findex.php%2Findex%2Flogin%2FsignOut%3Fsource%3D.cami680.top&vid=62rrg75ATW,"Amble Semaglutide Clinic is a telehealth weight management platform that provides semaglutide prescriptions (Ozempic, Wegovy) alongside medical oversight and ...",site:office2.jmbfs.org amble,cami680.top,62rrg75ATW,glp-1.healthbenefit.vip (post-click redirect — user-verified for Amble),HIGH
Organic (parasite SEO),Amble Semaglutide Cost: What to Expect Monthly,office2.jmbfs.org,https://office2.jmbfs.org/plugins/generic/pdfJsViewer/pdf.js/web/viewer.html?file=%2Findex.php%2Findex%2Flogin%2FsignOut%3Fsource%3D.cami680.top&vid=62rrg75ATY,"Amble semaglutide typically costs $199–$449 per month depending on dose and plan. The subscription includes medication, telehealth visits, and shipping.",site:office2.jmbfs.org amble,cami680.top,62rrg75ATY,glp-1.healthbenefit.vip (post-click redirect — user-verified for Amble),HIGH
Organic (parasite SEO),Amble Semaglutide Explained: Step-by-step Telehealth Process,www.mattioli1885journals.com,https://www.mattioli1885journals.com/plugins/generic/pdfJsViewer/pdf.js/web/viewer.html?file=%2Findex.php%2Findex%2Flogin%2FsignOut%3Fsource%3D.ojsnua44.top&vid=67qQH3Ss21,2 days ago — Amble Semaglutide offers a straightforward telehealth pathway to a GLP-1 prescription. If you're a US adult with a BMI ≥27 and a weight ... Read more,join amble health glp-1,ojsnua44.top,67qQH3Ss21,glp-1.healthbenefit.vip (post-click redirect — user-verified for Amble),HIGH
Organic (parasite SEO),Amble Semaglutide Near Me: What to Expect at a Local Clinic,www.mattioli1885journals.com,https://www.mattioli1885journals.com/plugins/generic/pdfJsViewer/pdf.js/web/viewer.html?file=%2Findex.php%2Findex%2Flogin%2FsignOut%3Fsource%3D.ojsnua44.top&vid=67ibOXHZi8,2 days ago — Amble is a telehealth platform that connects patients with local partner clinics offering semaglutide prescriptions for weight loss. Semaglutide ... Read more,site:mattioli1885journals.com amble,ojsnua44.top,67ibOXHZi8,glp-1.healthbenefit.vip (post-click redirect — user-verified for Amble),HIGH
Organic (parasite SEO),Amble Semaglutide or a Local Clinic: Where to Get Your ...,mail.mattioli1885journals.com,https://mail.mattioli1885journals.com/plugins/generic/pdfJsViewer/pdf.js/web/viewer.html?file=%2Findex.php%2Findex%2Flogin%2FsignOut%3Fsource%3D.dmouw13.top&vid=66W0pmLkpB,"5 days ago — Amble is a telehealth platform that connects you with licensed providers who can prescribe semaglutide (brand names Ozempic, Wegovy) for weight ... Read more",site:mattioli1885journals.com amble,dmouw13.top,66W0pmLkpB,glp-1.healthbenefit.vip (post-click redirect — user-verified for Amble),HIGH
Organic (parasite SEO),Amble Semaglutide or Ozempic Clinic Near Me: Which Works ...,mail.mattioli1885journals.com,https://mail.mattioli1885journals.com/plugins/generic/pdfJsViewer/pdf.js/web/viewer.html?file=%2Findex.php%2Findex%2Flogin%2FsignOut%3Fsource%3D.dmouw13.top&vid=66W0pmLkpA,5 days ago — Amble is a telehealth platform that connects you with a licensed provider who can prescribe compounded semaglutide. You complete an online ... Read more,site:mattioli1885journals.com amble,dmouw13.top,66W0pmLkpA,glp-1.healthbenefit.vip (post-click redirect — user-verified for Amble),HIGH
Organic (parasite SEO),Amble Semaglutide Program: Pricing and Features Explained,mail.mattioli1885journals.com,https://mail.mattioli1885journals.com/plugins/generic/pdfJsViewer/pdf.js/web/viewer.html?file=%2Findex.php%2Findex%2Flogin%2FsignOut%3Fsource%3D.dmouw13.top&vid=66vhW3jbA3,"Amble's base plan at $299/month includes all medication, supplies, and provider visits. The premium plan at $399/month adds weekly nutrition ...",site:mattioli1885journals.com amble,dmouw13.top,66vhW3jbA3,glp-1.healthbenefit.vip (post-click redirect — user-verified for Amble),HIGH
Organic (parasite SEO),Amble Semaglutide Program: What You Get for the Price,mail.mattioli1885journals.com,https://mail.mattioli1885journals.com/plugins/generic/pdfJsViewer/pdf.js/web/viewer.html?file=%2Findex.php%2Findex%2Flogin%2FsignOut%3Fsource%3D.dmouw13.top&vid=66vhW3jbA5,"4 days ago — The Amble Semaglutide Program delivers medication, provider oversight, and dose management for about $299 per month. It's a solid pick if you ... Read more",site:mattioli1885journals.com amble,dmouw13.top,66vhW3jbA5,glp-1.healthbenefit.vip (post-click redirect — user-verified for Amble),HIGH
Organic (parasite SEO),Amble Semaglutide Program: What's Included in the Price?,mail.mattioli1885journals.com,https://mail.mattioli1885journals.com/plugins/generic/pdfJsViewer/pdf.js/web/viewer.html?file=%2Findex.php%2Findex%2Flogin%2FsignOut%3Fsource%3D.dmouw13.top&vid=66vhW3jbA4,"The Amble Semaglutide Program promises a simplified path to weight loss by bundling medication, medical oversight, and delivery into one monthly ...",site:mail.mattioli1885journals.com amble,dmouw13.top,66vhW3jbA4,glp-1.healthbenefit.vip (post-click redirect — user-verified for Amble),HIGH
Organic (parasite SEO),Amble Semaglutide Review: 90-day Patient Experience Report,mail.mattioli1885journals.com,https://mail.mattioli1885journals.com/plugins/generic/pdfJsViewer/pdf.js/web/viewer.html?file=%2Findex.php%2Findex%2Flogin%2FsignOut%3Fsource%3D.dmouw13.top&vid=66vhW3jbA6,4 days ago — Amble's compounded semaglutide offers a lower-cost alternative for weight loss but comes with notable risks and limitations. Read more,site:mattioli1885journals.com amble,dmouw13.top,66vhW3jbA6,glp-1.healthbenefit.vip (post-click redirect — user-verified for Amble),HIGH
Organic (parasite SEO),Amble Semaglutide Review: Honest Patient Perspective,ramd.reapress.com,https://ramd.reapress.com/plugins/generic/pdfJsViewer/pdf.js/web/viewer.html?file=%2Findex.php%2Findex%2Flogin%2FsignOut%3Fsource%3D.dmouw13.top&vid=63kmQ2E9xu,"Jun 24, 2026 — Amble offers affordable semaglutide with integrated medical support, but limited insurance coverage. If you value low upfront costs and ... Read more",amble semaglutide,dmouw13.top,63kmQ2E9xu,glp-1.healthbenefit.vip (post-click redirect — user-verified for Amble),HIGH
Organic (parasite SEO),Amble Semaglutide Safety: How the Program Verifies Licensed ...,mail.mattioli1885journals.com,https://mail.mattioli1885journals.com/plugins/generic/pdfJsViewer/pdf.js/web/viewer.html?file=%2Findex.php%2Findex%2Flogin%2FsignOut%3Fsource%3D.dmouw13.top&vid=63hjHJudYl,"Learn how Amble verifies licensed pharmacies for semaglutide safety. Our review covers pharmacy checks, compounding standards, and what users should know ...",site:mail.mattioli1885journals.com amble,dmouw13.top,63hjHJudYl,glp-1.healthbenefit.vip (post-click redirect — user-verified for Amble),HIGH
Organic (parasite SEO),Amble Semaglutide Vs Branded: What to Expect from a Clinic,www.mattioli1885journals.com,https://www.mattioli1885journals.com/plugins/generic/pdfJsViewer/pdf.js/web/viewer.html?file=%2Findex.php%2Findex%2Flogin%2FsignOut%3Fsource%3D.ojsnua44.top&vid=67JDm6MaCP,"3 days ago — Amble semaglutide is a compounded, often cheaper alternative to branded semaglutide. It is not FDA approved as a finished drug, so quality and ... Read more",site:mattioli1885journals.com amble,ojsnua44.top,67JDm6MaCP,glp-1.healthbenefit.vip (post-click redirect — user-verified for Amble),HIGH
Organic (parasite SEO),Amble Semaglutide Vs Compounded Tirzepatide,www.mattioli1885journals.com,https://www.mattioli1885journals.com/plugins/generic/pdfJsViewer/pdf.js/web/viewer.html?file=%2Findex.php%2Findex%2Flogin%2FsignOut%3Fsource%3D.ojsnua44.top&vid=68jM251W6C,"6 hours ago — Amble Semaglutide is available exclusively through the Amble Health website. You complete an online consultation, and if approved ... Read more","site:mattioli1885journals.com ""amble health""",ojsnua44.top,68jM251W6C,glp-1.healthbenefit.vip (post-click redirect — user-verified for Amble),HIGH
Organic (parasite SEO),Amble Semaglutide Vs Local Clinic: Which Is Better?,www.mattioli1885journals.com,https://www.mattioli1885journals.com/plugins/generic/pdfJsViewer/pdf.js/web/viewer.html?file=%2Findex.php%2Findex%2Flogin%2FsignOut%3Fsource%3D.ojsnua44.top&vid=67JDm6MaCQ,"3 days ago — Amble is a telehealth service that connects you with licensed clinicians who can prescribe semaglutide (brand names Wegovy, Ozempic) for weight ... Read more",site:mattioli1885journals.com amble,ojsnua44.top,67JDm6MaCQ,glp-1.healthbenefit.vip (post-click redirect — user-verified for Amble),HIGH
Organic (parasite SEO),Amble Semaglutide Vs Local Clinic: Which Provides Faster ...,www.mattioli1885journals.com,https://www.mattioli1885journals.com/plugins/generic/pdfJsViewer/pdf.js/web/viewer.html?file=%2Findex.php%2Findex%2Flogin%2FsignOut%3Fsource%3D.ojsnua44.top&vid=67JDm6MaCR,3 days ago — Amble is a telehealth platform that specializes in prescribing and managing GLP-1 medications such as semaglutide. Patients complete an online ... Read more,site:mattioli1885journals.com amble,ojsnua44.top,67JDm6MaCR,glp-1.healthbenefit.vip (post-click redirect — user-verified for Amble),HIGH
Organic (parasite SEO),Amble Semaglutide Vs Local Clinics: Which Offers Better ...,www.mattioli1885journals.com,https://www.mattioli1885journals.com/plugins/generic/pdfJsViewer/pdf.js/web/viewer.html?file=%2Findex.php%2Findex%2Flogin%2FsignOut%3Fsource%3D.ojsnua44.top&vid=68hWsVFPAA,7 hours ago — Amble wins on convenience and 24/7 digital access; local clinics excel in personalization and hands‑on care. Your best choice depends on whether ... Read more,site:mattioli1885journals.com amble,ojsnua44.top,68hWsVFPAA,glp-1.healthbenefit.vip (post-click redirect — user-verified for Amble),HIGH
Organic (parasite SEO),Amble Semaglutide: a Complete Guide to This Telehealth Program,mail.mattioli1885journals.com,https://mail.mattioli1885journals.com/plugins/generic/pdfJsViewer/pdf.js/web/viewer.html?file=%2Findex.php%2Findex%2Flogin%2FsignOut%3Fsource%3D.dmouw13.top&vid=63hjHZayUY,"Amble Semaglutide offers a convenient telehealth route to obtain semaglutide for weight loss, but it's not for everyone.",site:mail.mattioli1885journals.com amble,dmouw13.top,63hjHZayUY,glp-1.healthbenefit.vip (post-click redirect — user-verified for Amble),HIGH
Organic (parasite SEO),Amble Semaglutide: a Detailed Look at Their Services and Pricing,mail.mattioli1885journals.com,https://mail.mattioli1885journals.com/plugins/generic/pdfJsViewer/pdf.js/web/viewer.html?file=%2Findex.php%2Findex%2Flogin%2FsignOut%3Fsource%3D.dmouw13.top&vid=66W0pmLkp7,"Amble is a telemedicine service that provides compounded semaglutide for weight loss. They offer a subscription model with remote consultations, ...",site:mail.mattioli1885journals.com amble,dmouw13.top,66W0pmLkp7,glp-1.healthbenefit.vip (post-click redirect — user-verified for Amble),HIGH
Organic (parasite SEO),Amble Semaglutide: a Detailed Program Review,ethnobotanyjournal.org,https://ethnobotanyjournal.org/plugins/generic/pdfJsViewer/pdf.js/web/viewer.html?file=%2Findex.php%2Findex%2Flogin%2FsignOut%3Fsource%3D.ojsnua44.top&vid=68Xv3FeHmZ,"15 hours ago — Amble's semaglutide program offers a convenient way to access prescription weight loss medication, but it requires a thorough understanding ... Read more",amble health weight loss,ojsnua44.top,68Xv3FeHmZ,glp-1.healthbenefit.vip (post-click redirect — user-verified for Amble),HIGH
Organic (parasite SEO),Amble Semaglutide: a Patient's Guide to Starting Treatment,www.prrsjournal.com,https://www.prrsjournal.com/plugins/generic/pdfJsViewer/pdf.js/web/viewer.html?file=%2Findex.php%2Findex%2Flogin%2FsignOut%3Fsource%3D.camikh9.top&vid=68hXTFwkbZ,"7 hours ago — Starting Amble semaglutide? This patient's guide explains how the program works, costs, side effects, and what to expect.",amble health wegovy,camikh9.top,68hXTFwkbZ,glp-1.healthbenefit.vip (post-click redirect — user-verified for Amble),HIGH
Organic (parasite SEO),Amble Semaglutide: a Review of Their Online Process,www.mattioli1885journals.com,https://www.mattioli1885journals.com/plugins/generic/pdfJsViewer/pdf.js/web/viewer.html?file=%2Findex.php%2Findex%2Flogin%2FsignOut%3Fsource%3D.ojsnua44.top&vid=67Kv3gYVnz,3 days ago — Amble requires you to complete an intake questionnaire and have a telehealth consultation with a board‑certified practitioner. Avoid any site ... Read more,site:mattioli1885journals.com amble,ojsnua44.top,67Kv3gYVnz,glp-1.healthbenefit.vip (post-click redirect — user-verified for Amble),HIGH
Organic (parasite SEO),Amble Semaglutide: Affordable Oral GLP-1 Through Telehealth,mail.mattioli1885journals.com,https://mail.mattioli1885journals.com/plugins/generic/pdfJsViewer/pdf.js/web/viewer.html?file=%2Findex.php%2Findex%2Flogin%2FsignOut%3Fsource%3D.dmouw13.top&vid=63hjHJudYi,"Jun 24, 2026 — Amble Semaglutide offers a lower-cost oral alternative to injectable GLP-1s like Ozempic, accessed via a straightforward telehealth consult. Read more",site:mail.mattioli1885journals.com amble,dmouw13.top,63hjHJudYi,glp-1.healthbenefit.vip (post-click redirect — user-verified for Amble),HIGH
Organic (parasite SEO),Amble Semaglutide: Are Their Compounded Injections Regulated?,journaledutech.com,https://journaledutech.com/plugins/generic/pdfJsViewer/pdf.js/web/viewer.html?file=%2Findex.php%2Findex%2Flogin%2FsignOut%3Fsource%3D.dmouw13.top&vid=65ipV4BzDs,"No, Amble's compounded semaglutide is not FDA-approved. The FDA approves only brand-name semaglutide drugs like Ozempic and Wegovy. Compounded ...",amble compounded semaglutide,dmouw13.top,65ipV4BzDs,glp-1.healthbenefit.vip (post-click redirect — user-verified for Amble),HIGH
Organic (parasite SEO),Amble Semaglutide: Fast Approval and Home Delivery ...,office2.jmbfs.org,https://office2.jmbfs.org/plugins/generic/pdfJsViewer/pdf.js/web/viewer.html?file=%2Findex.php%2Findex%2Flogin%2FsignOut%3Fsource%3D.cami680.top&vid=68gNqsFRIR,"9 hours ago — Amble Semaglutide is a convenient telehealth option for people who want fast, prescription-based access to compounded semaglutide without ... Read more",site:office2.jmbfs.org amble,cami680.top,68gNqsFRIR,glp-1.healthbenefit.vip (post-click redirect — user-verified for Amble),HIGH
Organic (parasite SEO),Amble Semaglutide: Full Program Review and Pricing - RPER,review-rper.com,https://review-rper.com/plugins/generic/pdfJsViewer/pdf.js/web/viewer.html?file=%2Findex.php%2Findex%2Flogin%2FsignOut%3Fsource%3D.dmouw13.top&vid=66W0ojhbwm,"5 days ago — Amble offers compounded semaglutide at a lower monthly cost than Wegovy or Ozempic. · The program is not FDA-approved, meaning safety and quality ... Read more",amble compounded semaglutide,dmouw13.top,66W0ojhbwm,glp-1.healthbenefit.vip (post-click redirect — user-verified for Amble),HIGH
Organic (parasite SEO),Amble Semaglutide: Honest Review of Their Telehealth ...,www.mattioli1885journals.com,https://www.mattioli1885journals.com/plugins/generic/pdfJsViewer/pdf.js/web/viewer.html?file=%2Findex.php%2Findex%2Flogin%2FsignOut%3Fsource%3D.ojsnua44.top&vid=6872j6IqOt,"1 day ago — Amble's semaglutide program offers a convenient and affordable telehealth option for weight loss, but it's not a one-size-fits-all solution. Read more",site:mattioli1885journals.com amble,ojsnua44.top,6872j6IqOt,glp-1.healthbenefit.vip (post-click redirect — user-verified for Amble),HIGH
Organic (parasite SEO),Amble Semaglutide: How It Compares to Other GLP-1 Options,www.mattioli1885journals.com,https://www.mattioli1885journals.com/plugins/generic/pdfJsViewer/pdf.js/web/viewer.html?file=%2Findex.php%2Findex%2Flogin%2FsignOut%3Fsource%3D.ojsnua44.top&vid=6872j6IqOu,"1 day ago — Yes, Amble provides semaglutide for weight loss when prescribed by a licensed provider. However, Wegovy is the only FDA-approved semaglutide ... Read more",amble health wegovy,ojsnua44.top,6872j6IqOu,glp-1.healthbenefit.vip (post-click redirect — user-verified for Amble),HIGH
Organic (parasite SEO),Amble Semaglutide: How It Works and What to Know,www.mattioli1885journals.com,https://www.mattioli1885journals.com/plugins/generic/pdfJsViewer/pdf.js/web/viewer.html?file=%2Findex.php%2Findex%2Flogin%2FsignOut%3Fsource%3D.ojsnua44.top&vid=67qQH3Ss22,"2 days ago — Amble offers a straightforward, affordable path to FDA-approved semaglutide for weight loss, with a flat monthly fee that includes consultations ... Read more",amble semaglutide,ojsnua44.top,67qQH3Ss22,glp-1.healthbenefit.vip (post-click redirect — user-verified for Amble),HIGH
Organic (parasite SEO),Amble Semaglutide: How Pricing Compares to Other ...,www.mattioli1885journals.com,https://www.mattioli1885journals.com/plugins/generic/pdfJsViewer/pdf.js/web/viewer.html?file=%2Findex.php%2Findex%2Flogin%2FsignOut%3Fsource%3D.ojsnua44.top&vid=67ibOXHZi4,"2 days ago — Amble is a telehealth service that specializes in weight management, offering both brand-name and compounded semaglutide. Their business model ... Read more",site:mattioli1885journals.com amble,ojsnua44.top,67ibOXHZi4,glp-1.healthbenefit.vip (post-click redirect — user-verified for Amble),HIGH
Organic (parasite SEO),Amble Semaglutide: How the Online Program Works,www.mattioli1885journals.com,https://www.mattioli1885journals.com/plugins/generic/pdfJsViewer/pdf.js/web/viewer.html?file=%2Findex.php%2Findex%2Flogin%2FsignOut%3Fsource%3D.ojsnua44.top&vid=67qQH3Ss23,"Amble's online semaglutide program offers a streamlined path to a GLP-1 prescription for weight loss, but it's not for everyone.",amble health weight loss,ojsnua44.top,67qQH3Ss23,glp-1.healthbenefit.vip (post-click redirect — user-verified for Amble),HIGH
Organic (parasite SEO),Amble Semaglutide: How the Program Works and What It Costs,www.mattioli1885journals.com,https://www.mattioli1885journals.com/plugins/generic/pdfJsViewer/pdf.js/web/viewer.html?file=%2Findex.php%2Findex%2Flogin%2FsignOut%3Fsource%3D.ojsnua44.top&vid=67ibOXHZi5,2 days ago — How It Works. Amble is a telehealth platform that connects patients with licensed providers who can prescribe semaglutide for weight management. Read more,site:mattioli1885journals.com amble,ojsnua44.top,67ibOXHZi5,glp-1.healthbenefit.vip (post-click redirect — user-verified for Amble),HIGH
Organic (parasite SEO),Amble Semaglutide: How the Telehealth Process Works,www.mattioli1885journals.com,https://www.mattioli1885journals.com/plugins/generic/pdfJsViewer/pdf.js/web/viewer.html?file=%2Findex.php%2Findex%2Flogin%2FsignOut%3Fsource%3D.ojsnua44.top&vid=67qQH3Ss24,"2 days ago — Amble Semaglutide is a telehealth program that brings GLP-1 weight-loss medication directly to your door. For many Americans, the convenience of ... Read more",amble health telehealth,ojsnua44.top,67qQH3Ss24,glp-1.healthbenefit.vip (post-click redirect — user-verified for Amble),HIGH
Organic (parasite SEO),Amble Semaglutide: How Their Shipping Protects Your Privacy,www.mattioli1885journals.com,https://www.mattioli1885journals.com/plugins/generic/pdfJsViewer/pdf.js/web/viewer.html?file=%2Findex.php%2Findex%2Flogin%2FsignOut%3Fsource%3D.ojsnua44.top&vid=67ibOXHZi6,"2 days ago — BLUF: Yes, Amble Semaglutide's shipping process prioritizes your privacy with discreet packaging and temperature-controlled delivery. Read more",site:mattioli1885journals.com amble,ojsnua44.top,67ibOXHZi6,glp-1.healthbenefit.vip (post-click redirect — user-verified for Amble),HIGH
Organic (parasite SEO),Amble Semaglutide: How This Online Program Works,www.mattioli1885journals.com,https://www.mattioli1885journals.com/plugins/generic/pdfJsViewer/pdf.js/web/viewer.html?file=%2Findex.php%2Findex%2Flogin%2FsignOut%3Fsource%3D.ojsnua44.top&vid=67ibOXHZi7,2 days ago — Amble is an online telemedicine program that provides access to compounded semaglutide for weight loss. The process is designed to be convenient ... Read more,site:mattioli1885journals.com amble,ojsnua44.top,67ibOXHZi7,glp-1.healthbenefit.vip (post-click redirect — user-verified for Amble),HIGH
Organic (parasite SEO),Amble Semaglutide: Is This Compounded Program Right ...,jmedika.com,https://jmedika.com/plugins/generic/pdfJsViewer/pdf.js/web/viewer.html?file=%2Findex.php%2Findex%2Flogin%2FsignOut%3Fsource%3D.camikh9.top&vid=66FrQLB06e,"6 days ago — Amble Semaglutide offers a lower-cost alternative to brand-name GLP-1 medications for weight loss, but it comes with trade-offs in regulatory ... Read more",amble compounded semaglutide; amble semaglutide,camikh9.top,66FrQLB06e,glp-1.healthbenefit.vip (post-click redirect — user-verified for Amble),HIGH
Organic (parasite SEO),Amble Semaglutide: Is This Online GLP-1 Program Right for You?,www.mattioli1885journals.com,https://www.mattioli1885journals.com/plugins/generic/pdfJsViewer/pdf.js/web/viewer.html?file=%2Findex.php%2Findex%2Flogin%2FsignOut%3Fsource%3D.ojsnua44.top&vid=67qQH3Ss25,"Simply complete an online health assessment and schedule a virtual consultation with a nurse practitioner. If approved, your medication will be ...",amble health mattioli1885; site:mattioli1885journals.com amble,ojsnua44.top,67qQH3Ss25,glp-1.healthbenefit.vip (post-click redirect — user-verified for Amble),HIGH
Organic (parasite SEO),Amble Semaglutide: Physician-guided Program Review,mail.mattioli1885journals.com,https://mail.mattioli1885journals.com/plugins/generic/pdfJsViewer/pdf.js/web/viewer.html?file=%2Findex.php%2Findex%2Flogin%2FsignOut%3Fsource%3D.dmouw13.top&vid=63hjHJudYj,"Jun 24, 2026 — Amble's physician-guided semaglutide program is worth considering if you want medical oversight with the convenience of an online clinic. Read more",site:mattioli1885journals.com amble,dmouw13.top,63hjHJudYj,glp-1.healthbenefit.vip (post-click redirect — user-verified for Amble),HIGH
Organic (parasite SEO),Amble Semaglutide: Pricing and Program Review,jptcp.com,https://jptcp.com/plugins/generic/pdfJsViewer/pdf.js/web/viewer.html?file=%2Findex.php%2Findex%2Flogin%2FsignOut%3Fsource%3D.cnaiiy2.top&vid=67qQH3Ss2C,"Amble offers a straightforward, all-in-one program for compounded semaglutide at $299 per month. The price is competitive, and the all-inclusive ...",amble compounded semaglutide,cnaiiy2.top,67qQH3Ss2C,glp-1.healthbenefit.vip (post-click redirect — user-verified for Amble),HIGH
Organic (parasite SEO),Amble Semaglutide: Program Details and Cost Breakdown,www.mattioli1885journals.com,https://www.mattioli1885journals.com/plugins/generic/pdfJsViewer/pdf.js/web/viewer.html?file=%2Findex.php%2Findex%2Flogin%2FsignOut%3Fsource%3D.ojsnua44.top&vid=5upNgBqJAx,This article offers general educational information about GLP-1 receptor agonists and is not a substitute for personalised medical advice.,site:mattioli1885journals.com amble,ojsnua44.top,5upNgBqJAx,glp-1.healthbenefit.vip (post-click redirect — user-verified for Amble),HIGH
Organic (parasite SEO),Amble Semaglutide: Program Overview and Monthly Pricing,mail.mattioli1885journals.com,https://mail.mattioli1885journals.com/plugins/generic/pdfJsViewer/pdf.js/web/viewer.html?file=%2Findex.php%2Findex%2Flogin%2FsignOut%3Fsource%3D.dmouw13.top&vid=66vhW3jbA2,"4 days ago — Amble provides a legitimate, convenient path to compounded semaglutide at competitive monthly prices. The online consultation is straightforward ... Read more",site:mattioli1885journals.com amble,dmouw13.top,66vhW3jbA2,glp-1.healthbenefit.vip (post-click redirect — user-verified for Amble),HIGH
Organic (parasite SEO),Amble Semaglutide: Telehealth Access Made Simple,office2.jmbfs.org,https://office2.jmbfs.org/plugins/generic/pdfJsViewer/pdf.js/web/viewer.html?file=%2Findex.php%2Findex%2Flogin%2FsignOut%3Fsource%3D.cami680.top&vid=68gNqsFRIS,"9 hours ago — Amble is available directly through its telehealth platform. You can sign up online, complete a consultation, and proceed if approved. Only ... Read more",site:office2.jmbfs.org amble,cami680.top,68gNqsFRIS,glp-1.healthbenefit.vip (post-click redirect — user-verified for Amble),HIGH
Organic (parasite SEO),Amble Semaglutide: Transparent Pricing and Care Access,mail.mattioli1885journals.com,https://mail.mattioli1885journals.com/plugins/generic/pdfJsViewer/pdf.js/web/viewer.html?file=%2Findex.php%2Findex%2Flogin%2FsignOut%3Fsource%3D.dmouw13.top&vid=63hjHZayUS,"Jun 24, 2026 — Amble delivers a competitive semaglutide service with upfront pricing and easy enrollment. Buyers on a budget who want convenience without ... Read more",site:mattioli1885journals.com amble,dmouw13.top,63hjHZayUS,glp-1.healthbenefit.vip (post-click redirect — user-verified for Amble),HIGH
Organic (parasite SEO),Amble Semaglutide: Transparent Pricing and Process,www.mattioli1885journals.com,https://www.mattioli1885journals.com/plugins/generic/pdfJsViewer/pdf.js/web/viewer.html?file=%2Findex.php%2Findex%2Flogin%2FsignOut%3Fsource%3D.ojsnua44.top&vid=67JDm6MaCO,3 days ago — Amble is a telehealth platform that connects you with licensed providers who prescribe semaglutide. Their model focuses on price transparency— ... Read more,site:mattioli1885journals.com amble,ojsnua44.top,67JDm6MaCO,glp-1.healthbenefit.vip (post-click redirect — user-verified for Amble),HIGH
Organic (parasite SEO),Amble Semaglutide: User Experience and Pricing,office2.jmbfs.org,https://office2.jmbfs.org/plugins/generic/pdfJsViewer/pdf.js/web/viewer.html?file=%2Findex.php%2Findex%2Flogin%2FsignOut%3Fsource%3D.cami680.top&vid=64ceK2meoc,Amble Semaglutide offers a streamlined path to GLP-1 medication for weight loss. Real user experiences and its straightforward pricing make it a solid ...,site:office2.jmbfs.org amble,cami680.top,64ceK2meoc,glp-1.healthbenefit.vip (post-click redirect — user-verified for Amble),HIGH
Organic (parasite SEO),Amble Semaglutide: Verifying Their Compliant Practices,mail.mattioli1885journals.com,https://mail.mattioli1885journals.com/plugins/generic/pdfJsViewer/pdf.js/web/viewer.html?file=%2Findex.php%2Findex%2Flogin%2FsignOut%3Fsource%3D.dmouw13.top&vid=63hjHZayUT,"Jun 24, 2026 — Amble is generally considered affordable and user-friendly, but some competitors offer more transparent pricing or direct pharmacy contact. The ... Read more",site:mattioli1885journals.com amble,dmouw13.top,63hjHZayUT,glp-1.healthbenefit.vip (post-click redirect — user-verified for Amble),HIGH
Organic (parasite SEO),Amble Semaglutide: What to Expect from Your First Consultation,mail.mattioli1885journals.com,https://mail.mattioli1885journals.com/plugins/generic/pdfJsViewer/pdf.js/web/viewer.html?file=%2Findex.php%2Findex%2Flogin%2FsignOut%3Fsource%3D.dmouw13.top&vid=66W0pmLkp5,5 days ago — What is Amble Health? Amble Health is a telehealth platform that connects patients with licensed clinicians for weight management consultations. Read more,"site:mattioli1885journals.com ""amble health""",dmouw13.top,66W0pmLkp5,glp-1.healthbenefit.vip (post-click redirect — user-verified for Amble),HIGH
Organic (parasite SEO),Amble Semaglutide: What to Know About This Program - RPER,review-rper.com,https://review-rper.com/plugins/generic/pdfJsViewer/pdf.js/web/viewer.html?file=%2Findex.php%2Findex%2Flogin%2FsignOut%3Fsource%3D.dmouw13.top&vid=68ECnOCGJh,"1 day ago — The Amble Semaglutide program offers a telehealth-based pathway to access prescription semaglutide, the active ingredient in medications ... Read more",amble health wegovy,dmouw13.top,68ECnOCGJh,glp-1.healthbenefit.vip (post-click redirect — user-verified for Amble),HIGH
Organic (parasite SEO),Amble Semaglutide: What You Need to Know Before ...,office2.jmbfs.org,https://office2.jmbfs.org/plugins/generic/pdfJsViewer/pdf.js/web/viewer.html?file=%2Findex.php%2Findex%2Flogin%2FsignOut%3Fsource%3D.cami680.top&vid=68gNqsFRIT,"9 hours ago — Quick Verdict. Amble simplifies the process of getting semaglutide, making it an attractive option for busy individuals who prefer telemedicine. Read more",site:office2.jmbfs.org amble,cami680.top,68gNqsFRIT,glp-1.healthbenefit.vip (post-click redirect — user-verified for Amble),HIGH
Organic (parasite SEO),Amble Tirzepatide and Semaglutide Shots: Local Compounding Access,office2.jmbfs.org,https://office2.jmbfs.org/plugins/generic/pdfJsViewer/pdf.js/web/viewer.html?file=%2Findex.php%2Findex%2Flogin%2FsignOut%3Fsource%3D.cami680.top&vid=66W0qQ9zof,"Amble Tirzepatide and Semaglutide shots are compounded versions of prescription GLP-1 medications, available through local pharmacies. They may ...",site:office2.jmbfs.org amble,cami680.top,66W0qQ9zof,glp-1.healthbenefit.vip (post-click redirect — user-verified for Amble),HIGH
Organic (parasite SEO),Amble Tirzepatide and Semaglutide Shots: Telehealth ...,mail.mattioli1885journals.com,https://mail.mattioli1885journals.com/plugins/generic/pdfJsViewer/pdf.js/web/viewer.html?file=%2Findex.php%2Findex%2Flogin%2FsignOut%3Fsource%3D.dmouw13.top&vid=6872lQMGub,"1 day ago — Amble operates entirely online. Visit their official site, complete a health assessment, and a provider will connect with you within 24 hours. Read more",site:mattioli1885journals.com amble,dmouw13.top,6872lQMGub,glp-1.healthbenefit.vip (post-click redirect — user-verified for Amble),HIGH
Organic (parasite SEO),Amble Tirzepatide and Wegovy Near Me: Cost Comparison,office2.jmbfs.org,https://office2.jmbfs.org/plugins/generic/pdfJsViewer/pdf.js/web/viewer.html?file=%2Findex.php%2Findex%2Flogin%2FsignOut%3Fsource%3D.cami680.top&vid=66W0qQ9zoh,"5 days ago — Amble Tirzepatide is generally cheaper than Wegovy when paying cash, but Wegovy has broader insurance coverage. · Local pharmacy prices can ... Read more",site:office2.jmbfs.org amble,cami680.top,66W0qQ9zoh,glp-1.healthbenefit.vip (post-click redirect — user-verified for Amble),HIGH
Organic (parasite SEO),Amble Tirzepatide for Maintenance: Real User Experience at 6 Months,www.mattioli1885journals.com,https://www.mattioli1885journals.com/plugins/generic/pdfJsViewer/pdf.js/web/viewer.html?file=%2Findex.php%2Findex%2Flogin%2FsignOut%3Fsource%3D.ojsnua44.top&vid=67Kv3gYVo7,Amble connects you with a board-certified clinician who reviews your information and determines the appropriate strength and dosing schedule.,amble health mattioli1885,ojsnua44.top,67Kv3gYVo7,glp-1.healthbenefit.vip (post-click redirect — user-verified for Amble),HIGH
Organic (parasite SEO),Amble Tirzepatide or Local Shots: Which Program Wins?,www.mattioli1885journals.com,https://www.mattioli1885journals.com/plugins/generic/pdfJsViewer/pdf.js/web/viewer.html?file=%2Findex.php%2Findex%2Flogin%2FsignOut%3Fsource%3D.ojsnua44.top&vid=67Kv3gYVo9,"3 days ago — If you value convenience, privacy, and a streamlined online process, Amble is a strong option—provided you've verified its licensing and ... Read more",site:mattioli1885journals.com amble,ojsnua44.top,67Kv3gYVo9,glp-1.healthbenefit.vip (post-click redirect — user-verified for Amble),HIGH
Organic (parasite SEO),Amble Tirzepatide Pricing: Affordable Compounded Options ...,mail.mattioli1885journals.com,https://mail.mattioli1885journals.com/plugins/generic/pdfJsViewer/pdf.js/web/viewer.html?file=%2Findex.php%2Findex%2Flogin%2FsignOut%3Fsource%3D.dmouw13.top&vid=63hjHZayUj,"Jun 24, 2026 — Amble offers compounded tirzepatide at prices 30–50% lower than brand-name options, with a straightforward online consultation. However, ... Read more",site:mail.mattioli1885journals.com amble,dmouw13.top,63hjHZayUj,glp-1.healthbenefit.vip (post-click redirect — user-verified for Amble),HIGH
Organic (parasite SEO),Amble Tirzepatide Program: Pharmacy Trust and Delivery ...,mail.mattioli1885journals.com,https://mail.mattioli1885journals.com/plugins/generic/pdfJsViewer/pdf.js/web/viewer.html?file=%2Findex.php%2Findex%2Flogin%2FsignOut%3Fsource%3D.dmouw13.top&vid=66GW6bCqGa,"6 days ago — The Amble Tirzepatide program provides a streamlined way to access GLP-1 medication, but pharmacy trust and delivery reliability vary by ... Read more",site:mattioli1885journals.com amble,dmouw13.top,66GW6bCqGa,glp-1.healthbenefit.vip (post-click redirect — user-verified for Amble),HIGH
Organic (parasite SEO),Amble Tirzepatide Review: Pricing and Process for New Users,mail.mattioli1885journals.com,https://mail.mattioli1885journals.com/plugins/generic/pdfJsViewer/pdf.js/web/viewer.html?file=%2Findex.php%2Findex%2Flogin%2FsignOut%3Fsource%3D.dmouw13.top&vid=67HINI6fME,Tirzepatide is a GLP-1 receptor agonist approved for type 2 diabetes and weight management. It requires a prescription because it is a potent ...,site:mail.mattioli1885journals.com amble,dmouw13.top,67HINI6fME,glp-1.healthbenefit.vip (post-click redirect — user-verified for Amble),HIGH
Organic (parasite SEO),Amble Tirzepatide Reviews: Is This Program Right for You?,mail.mattioli1885journals.com,https://mail.mattioli1885journals.com/plugins/generic/pdfJsViewer/pdf.js/web/viewer.html?file=%2Findex.php%2Findex%2Flogin%2FsignOut%3Fsource%3D.dmouw13.top&vid=63hjHZayUl,"BLUF: Amble Tirzepatide offers a convenient telehealth path to GLP-1 medication, but pricing and support vary. If you want a straightforward ...",site:mail.mattioli1885journals.com amble,dmouw13.top,63hjHZayUl,glp-1.healthbenefit.vip (post-click redirect — user-verified for Amble),HIGH
Organic (parasite SEO),"Amble Tirzepatide Telehealth: Process, Cost, and Safety Checks",mail.mattioli1885journals.com,https://mail.mattioli1885journals.com/plugins/generic/pdfJsViewer/pdf.js/web/viewer.html?file=%2Findex.php%2Findex%2Flogin%2FsignOut%3Fsource%3D.dmouw13.top&vid=63hjHZayUm,"Amble is an online telehealth platform that connects patients with licensed providers to prescribe tirzepatide (Mounjaro, Zepbound) for weight loss and diabetes ...",site:mattioli1885journals.com amble,dmouw13.top,63hjHZayUm,glp-1.healthbenefit.vip (post-click redirect — user-verified for Amble),HIGH
Organic (parasite SEO),Amble Tirzepatide Vs Compound ...,office2.jmbfs.org,https://office2.jmbfs.org/plugins/generic/pdfJsViewer/pdf.js/web/viewer.html?file=%2Findex.php%2Findex%2Flogin%2FsignOut%3Fsource%3D.cami680.top&vid=6872kGKYf1,"1 day ago — Amble offers a branded telehealth experience, while compound tirzepatide may be cheaper but varies in quality. Here's what you need to know. Read more",site:office2.jmbfs.org amble,cami680.top,6872kGKYf1,glp-1.healthbenefit.vip (post-click redirect — user-verified for Amble),HIGH
Organic (parasite SEO),Amble Tirzepatide Vs Other Telehealth: What to Compare,office2.jmbfs.org,https://office2.jmbfs.org/plugins/generic/pdfJsViewer/pdf.js/web/viewer.html?file=%2Findex.php%2Findex%2Flogin%2FsignOut%3Fsource%3D.cami680.top&vid=64ceK2meod,"Jun 26, 2026 — Amble excels in simplicity and a flat monthly fee that bundles consultation and medication. It's ideal for people who want a fast, ... Read more",site:office2.jmbfs.org amble,cami680.top,64ceK2meod,glp-1.healthbenefit.vip (post-click redirect — user-verified for Amble),HIGH
Organic (parasite SEO),Amble Tirzepatide: a Detailed Look at Telehealth Weight ...,office2.jmbfs.org,https://office2.jmbfs.org/plugins/generic/pdfJsViewer/pdf.js/web/viewer.html?file=%2Findex.php%2Findex%2Flogin%2FsignOut%3Fsource%3D.cami680.top&vid=67qQHlxUfd,"2 days ago — Amble provides a well-organized telehealth pathway to tirzepatide, with solid medical oversight and a focus on long-term weight management. It's ... Read more",site:office2.jmbfs.org amble,cami680.top,67qQHlxUfd,glp-1.healthbenefit.vip (post-click redirect — user-verified for Amble),HIGH
Organic (parasite SEO),Amble Tirzepatide: a Detailed Look at Their Telehealth ...,office2.jmbfs.org,https://office2.jmbfs.org/plugins/generic/pdfJsViewer/pdf.js/web/viewer.html?file=%2Findex.php%2Findex%2Flogin%2FsignOut%3Fsource%3D.cami680.top&vid=67qQHlxUfe,"2 days ago — Amble is a telehealth platform that offers access to Tirzepatide, a GLP-1 receptor agonist used for weight management and type 2 diabetes. If ... Read more",site:office2.jmbfs.org amble,cami680.top,67qQHlxUfe,glp-1.healthbenefit.vip (post-click redirect — user-verified for Amble),HIGH
Organic (parasite SEO),Amble Tirzepatide: a Look at Compounded Access,office2.jmbfs.org,https://office2.jmbfs.org/plugins/generic/pdfJsViewer/pdf.js/web/viewer.html?file=%2Findex.php%2Findex%2Flogin%2FsignOut%3Fsource%3D.cami680.top&vid=67qQHlxUff,"2 days ago — Amble is a solid option if you're looking for affordable, convenient access to compounded tirzepatide. Their provider network appears legitimate ... Read more",site:office2.jmbfs.org amble,cami680.top,67qQHlxUff,glp-1.healthbenefit.vip (post-click redirect — user-verified for Amble),HIGH
Organic (parasite SEO),Amble Tirzepatide: a Look at This Online Program,office2.jmbfs.org,https://office2.jmbfs.org/plugins/generic/pdfJsViewer/pdf.js/web/viewer.html?file=%2Findex.php%2Findex%2Flogin%2FsignOut%3Fsource%3D.cami680.top&vid=67qQHlxUfg,"2 days ago — Amble Tirzepatide is an all‑in‑one online program that provides access to tirzepatide, a glucagon‑like peptide‑1 (GLP‑1) receptor agonist widely ... Read more",site:office2.jmbfs.org amble,cami680.top,67qQHlxUfg,glp-1.healthbenefit.vip (post-click redirect — user-verified for Amble),HIGH
Organic (parasite SEO),Amble Tirzepatide: a Step-by-step Look at the Process,office2.jmbfs.org,https://office2.jmbfs.org/plugins/generic/pdfJsViewer/pdf.js/web/viewer.html?file=%2Findex.php%2Findex%2Flogin%2FsignOut%3Fsource%3D.cami680.top&vid=67qQHlxUfh,2 days ago — Amble offers a straightforward process with transparent all-in pricing and no long-term contracts. The online medical screening is thorough ... Read more,site:office2.jmbfs.org amble,cami680.top,67qQHlxUfh,glp-1.healthbenefit.vip (post-click redirect — user-verified for Amble),HIGH
Organic (parasite SEO),Amble Tirzepatide: Affordable Telehealth for Weight Loss,mail.mattioli1885journals.com,https://mail.mattioli1885journals.com/plugins/generic/pdfJsViewer/pdf.js/web/viewer.html?file=%2Findex.php%2Findex%2Flogin%2FsignOut%3Fsource%3D.dmouw13.top&vid=66W0pmLkpC,Amble is a digital health platform that provides access to FDA-approved tirzepatide for chronic weight management. The process starts with an ...,site:mail.mattioli1885journals.com amble,dmouw13.top,66W0pmLkpC,glp-1.healthbenefit.vip (post-click redirect — user-verified for Amble),HIGH
Organic (parasite SEO),Amble Tirzepatide: Are Their Compounding Pharmacies Licensed?,mail.mattioli1885journals.com,https://mail.mattioli1885journals.com/plugins/generic/pdfJsViewer/pdf.js/web/viewer.html?file=%2Findex.php%2Findex%2Flogin%2FsignOut%3Fsource%3D.dmouw13.top&vid=63hjHZayUa,"Amble, a popular telehealth platform that connects patients with compounding pharmacies, claims to work only with licensed partners. But how can you be sure? In ...",site:mattioli1885journals.com amble,dmouw13.top,63hjHZayUa,glp-1.healthbenefit.vip (post-click redirect — user-verified for Amble),HIGH
Organic (parasite SEO),Amble Tirzepatide: Compare Semaglutide Shots Near Me,mail.mattioli1885journals.com,https://mail.mattioli1885journals.com/plugins/generic/pdfJsViewer/pdf.js/web/viewer.html?file=%2Findex.php%2Findex%2Flogin%2FsignOut%3Fsource%3D.dmouw13.top&vid=66W0pmLkpD,Amble provides a platform to compare tirzepatide and semaglutide shots from local pharmacies. If you're looking for affordable GLP-1 options ...,site:mail.mattioli1885journals.com amble,dmouw13.top,66W0pmLkpD,glp-1.healthbenefit.vip (post-click redirect — user-verified for Amble),HIGH
Organic (parasite SEO),Amble Tirzepatide: Compound Options Near You Reviewed,www.mattioli1885journals.com,https://www.mattioli1885journals.com/plugins/generic/pdfJsViewer/pdf.js/web/viewer.html?file=%2Findex.php%2Findex%2Flogin%2FsignOut%3Fsource%3D.ojsnua44.top&vid=66FrQs6TBw,6 days ago — Amble is a telehealth platform that connects you with healthcare providers who can prescribe compounded tirzepatide. Compounded medications are ... Read more,site:mattioli1885journals.com amble,ojsnua44.top,66FrQs6TBw,glp-1.healthbenefit.vip (post-click redirect — user-verified for Amble),HIGH
Organic (parasite SEO),Amble Tirzepatide: How Compounded Programs Compare in ...,mail.mattioli1885journals.com,https://mail.mattioli1885journals.com/plugins/generic/pdfJsViewer/pdf.js/web/viewer.html?file=%2Findex.php%2Findex%2Flogin%2FsignOut%3Fsource%3D.dmouw13.top&vid=66GW6BEXrw,6 days ago — Amble is a telehealth platform that connects patients with licensed providers who may prescribe compounded tirzepatide. The medication is ... Read more,site:mail.mattioli1885journals.com amble,dmouw13.top,66GW6BEXrw,glp-1.healthbenefit.vip (post-click redirect — user-verified for Amble),HIGH
Organic (parasite SEO),Amble Tirzepatide: How It Stacks Up Against Competitors,mail.mattioli1885journals.com,https://mail.mattioli1885journals.com/plugins/generic/pdfJsViewer/pdf.js/web/viewer.html?file=%2Findex.php%2Findex%2Flogin%2FsignOut%3Fsource%3D.dmouw13.top&vid=66GW6BEXry,"6 days ago — Amble Tirzepatide offers a potentially cost-effective alternative to brand-name GLP-1 medications, but it's not FDA-approved. Read more",site:mattioli1885journals.com amble,dmouw13.top,66GW6BEXry,glp-1.healthbenefit.vip (post-click redirect — user-verified for Amble),HIGH
Organic (parasite SEO),Amble Tirzepatide: How Online Delivery Works,www.mattioli1885journals.com,https://www.mattioli1885journals.com/plugins/generic/pdfJsViewer/pdf.js/web/viewer.html?file=%2Findex.php%2Findex%2Flogin%2FsignOut%3Fsource%3D.ojsnua44.top&vid=67PArKcUs9,3 days ago — Amble uses telemedicine to connect you with a licensed clinician who can prescribe tirzepatide if appropriate. · The medication is shipped from a ... Read more,site:mattioli1885journals.com amble,ojsnua44.top,67PArKcUs9,glp-1.healthbenefit.vip (post-click redirect — user-verified for Amble),HIGH
Organic (parasite SEO),Amble Tirzepatide: How the Prescription Process Works,office2.jmbfs.org,https://office2.jmbfs.org/plugins/generic/pdfJsViewer/pdf.js/web/viewer.html?file=%2Findex.php%2Findex%2Flogin%2FsignOut%3Fsource%3D.cami680.top&vid=68Xv3fcaBL,15 hours ago — Amble is an online telehealth platform that connects patients with licensed healthcare providers who can prescribe tirzepatide for weight loss. Read more,site:office2.jmbfs.org amble,cami680.top,68Xv3fcaBL,glp-1.healthbenefit.vip (post-click redirect — user-verified for Amble),HIGH
Organic (parasite SEO),Amble Tirzepatide: How the Program Compares to Local ...,office2.jmbfs.org,https://office2.jmbfs.org/plugins/generic/pdfJsViewer/pdf.js/web/viewer.html?file=%2Findex.php%2Findex%2Flogin%2FsignOut%3Fsource%3D.cami680.top&vid=68Xv3fcaBM,"15 hours ago — Amble Tirzepatide offers a proprietary program that differs from local compounding in cost, oversight, and convenience. Read more",site:office2.jmbfs.org amble,cami680.top,68Xv3fcaBM,glp-1.healthbenefit.vip (post-click redirect — user-verified for Amble),HIGH
Organic (parasite SEO),Amble Tirzepatide: How Their Fast Approval Process Works,www.mattioli1885journals.com,https://www.mattioli1885journals.com/plugins/generic/pdfJsViewer/pdf.js/web/viewer.html?file=%2Findex.php%2Findex%2Flogin%2FsignOut%3Fsource%3D.ojsnua44.top&vid=67PArKcUsA,3 days ago — Amble is a telehealth platform that connects patients with licensed clinicians who can prescribe tirzepatide (a GLP-1/GIP receptor agonist) for ... Read more,site:mattioli1885journals.com amble,ojsnua44.top,67PArKcUsA,glp-1.healthbenefit.vip (post-click redirect — user-verified for Amble),HIGH
Organic (parasite SEO),Amble Tirzepatide: How Their Flat-rate Program Works,www.mattioli1885journals.com,https://www.mattioli1885journals.com/plugins/generic/pdfJsViewer/pdf.js/web/viewer.html?file=%2Findex.php%2Findex%2Flogin%2FsignOut%3Fsource%3D.ojsnua44.top&vid=67PArKcUsB,"3 days ago — Discover how Amble's flat-rate tirzepatide program works for weight loss. Get honest pricing, step-by-step enrollment, and key pros and cons ...",site:mattioli1885journals.com amble,ojsnua44.top,67PArKcUsB,glp-1.healthbenefit.vip (post-click redirect — user-verified for Amble),HIGH
Organic (parasite SEO),Amble Tirzepatide: How This Online Program Delivers Fast,www.mattioli1885journals.com,https://www.mattioli1885journals.com/plugins/generic/pdfJsViewer/pdf.js/web/viewer.html?file=%2Findex.php%2Findex%2Flogin%2FsignOut%3Fsource%3D.ojsnua44.top&vid=67PArKcUsD,"3 days ago — Amble is a telehealth service that connects you with a U.S.-licensed healthcare provider. After completing an online health questionnaire, you ... Read more",site:mattioli1885journals.com amble,ojsnua44.top,67PArKcUsD,glp-1.healthbenefit.vip (post-click redirect — user-verified for Amble),HIGH
Organic (parasite SEO),Amble Tirzepatide: How to Enroll and What to Expect,office2.jmbfs.org,https://office2.jmbfs.org/plugins/generic/pdfJsViewer/pdf.js/web/viewer.html?file=%2Findex.php%2Findex%2Flogin%2FsignOut%3Fsource%3D.cami680.top&vid=68Xv3fcaBN,"15 hours ago — Amble is a telehealth service that provides access to compounded tirzepatide, a GLP-1 receptor agonist commonly used for chronic weight ... Read more",site:office2.jmbfs.org amble,cami680.top,68Xv3fcaBN,glp-1.healthbenefit.vip (post-click redirect — user-verified for Amble),HIGH
Organic (parasite SEO),Amble Tirzepatide: How to Find Compounded Options ...,www.languageandlaw.eu,https://www.languageandlaw.eu/plugins/generic/pdfJsViewer/pdf.js/web/viewer.html?file=%2Findex.php%2Findex%2Flogin%2FsignOut%3Fsource%3D.dmouw13.top&vid=66W0q5ITkn,5 days ago — Amble offers a way to access compounded tirzepatide through licensed pharmacies at lower costs than brand-name Mounjaro. Read more,amble health mattioli1885,dmouw13.top,66W0q5ITkn,glp-1.healthbenefit.vip (post-click redirect — user-verified for Amble),HIGH
Organic (parasite SEO),Amble Tirzepatide: How to Get Shots Near You Cheaply,mail.mattioli1885journals.com,https://mail.mattioli1885journals.com/plugins/generic/pdfJsViewer/pdf.js/web/viewer.html?file=%2Findex.php%2Findex%2Flogin%2FsignOut%3Fsource%3D.dmouw13.top&vid=66GW6bCqGW,6 days ago — Amble provides a streamlined telehealth platform that can deliver tirzepatide shots directly to your door at a competitive flat rate. The ... Read more,site:mail.mattioli1885journals.com amble,dmouw13.top,66GW6bCqGW,glp-1.healthbenefit.vip (post-click redirect — user-verified for Amble),HIGH
Organic (parasite SEO),Amble Tirzepatide: Is It Right for Weight Loss?,office2.jmbfs.org,https://office2.jmbfs.org/plugins/generic/pdfJsViewer/pdf.js/web/viewer.html?file=%2Findex.php%2Findex%2Flogin%2FsignOut%3Fsource%3D.cami680.top&vid=68Xv3fcaBP,"15 hours ago — Amble Tirzepatide offers a telehealth pathway to a proven weight loss medication, but it is not a magic solution. Read more",site:office2.jmbfs.org amble,cami680.top,68Xv3fcaBP,glp-1.healthbenefit.vip (post-click redirect — user-verified for Amble),HIGH
Organic (parasite SEO),Amble Tirzepatide: Is This Program Right for You?,mail.mattioli1885journals.com,https://mail.mattioli1885journals.com/plugins/generic/pdfJsViewer/pdf.js/web/viewer.html?file=%2Findex.php%2Findex%2Flogin%2FsignOut%3Fsource%3D.dmouw13.top&vid=66GW6bCqGX,6 days ago — Amble is a telehealth program that aims to simplify the process by offering compounded tirzepatide directly to consumers. This guide breaks down ... Read more,site:mattioli1885journals.com amble,dmouw13.top,66GW6bCqGX,glp-1.healthbenefit.vip (post-click redirect — user-verified for Amble),HIGH
Organic (parasite SEO),Amble Tirzepatide: Patient Monitoring and Pharmacy Accreditation,mail.mattioli1885journals.com,https://mail.mattioli1885journals.com/plugins/generic/pdfJsViewer/pdf.js/web/viewer.html?file=%2Findex.php%2Findex%2Flogin%2FsignOut%3Fsource%3D.dmouw13.top&vid=63hjHZayUg,"Amble Tirzepatide offers a structured patient monitoring program and works with accredited pharmacies, which can provide peace of mind. However, its pricing may ...",site:mattioli1885journals.com amble,dmouw13.top,63hjHZayUg,glp-1.healthbenefit.vip (post-click redirect — user-verified for Amble),HIGH
Organic (parasite SEO),Amble Tirzepatide: Pricing and Process for Online Access,mail.mattioli1885journals.com,https://mail.mattioli1885journals.com/plugins/generic/pdfJsViewer/pdf.js/web/viewer.html?file=%2Findex.php%2Findex%2Flogin%2FsignOut%3Fsource%3D.dmouw13.top&vid=66GW6bCqGY,"6 days ago — Amble's price starts at $299 per month, There are no initiation fees or membership fees. Shipping is free.",site:mail.mattioli1885journals.com amble,dmouw13.top,66GW6bCqGY,glp-1.healthbenefit.vip (post-click redirect — user-verified for Amble),HIGH
Organic (parasite SEO),Amble Tirzepatide: Program Features and Pricing,mail.mattioli1885journals.com,https://mail.mattioli1885journals.com/plugins/generic/pdfJsViewer/pdf.js/web/viewer.html?file=%2Findex.php%2Findex%2Flogin%2FsignOut%3Fsource%3D.dmouw13.top&vid=67HINI6fMD,"Amble Tirzepatide offers a streamlined program for obtaining prescription tirzepatide online, combining telehealth consultations with ...",site:mattioli1885journals.com amble,dmouw13.top,67HINI6fMD,glp-1.healthbenefit.vip (post-click redirect — user-verified for Amble),HIGH
Organic (parasite SEO),Amble Tirzepatide: Steps to Confirm a Licensed Pharmacy,mail.mattioli1885journals.com,https://mail.mattioli1885journals.com/plugins/generic/pdfJsViewer/pdf.js/web/viewer.html?file=%2Findex.php%2Findex%2Flogin%2FsignOut%3Fsource%3D.dmouw13.top&vid=67HINI6fMG,Tirzepatide is a prescription-only medication. A legitimate online pharmacy will never bypass the need for a valid prescription from a licensed ...,site:mail.mattioli1885journals.com amble,dmouw13.top,67HINI6fMG,glp-1.healthbenefit.vip (post-click redirect — user-verified for Amble),HIGH
Organic (parasite SEO),Amble Tirzepatide: What Patients Should Know Before ...,office2.jmbfs.org,https://office2.jmbfs.org/plugins/generic/pdfJsViewer/pdf.js/web/viewer.html?file=%2Findex.php%2Findex%2Flogin%2FsignOut%3Fsource%3D.cami680.top&vid=67ibPD50c9,2 days ago — Amble Tirzepatide connects patients with licensed providers for tirzepatide prescriptions. Tirzepatide is a GLP-1/GIP receptor agonist used for ... Read more,site:office2.jmbfs.org amble,cami680.top,67ibPD50c9,glp-1.healthbenefit.vip (post-click redirect — user-verified for Amble),HIGH
Organic (parasite SEO),Amble Tirzepatide: What to Ask About Safety Protocols,mail.mattioli1885journals.com,https://mail.mattioli1885journals.com/plugins/generic/pdfJsViewer/pdf.js/web/viewer.html?file=%2Findex.php%2Findex%2Flogin%2FsignOut%3Fsource%3D.dmouw13.top&vid=63hjHZayUp,"Jun 24, 2026 — Amble appears to be a legitimate telehealth provider for Tirzepatide, but safety protocols vary by state and provider. Our research indicates ... Read more",site:mattioli1885journals.com amble,dmouw13.top,63hjHZayUp,glp-1.healthbenefit.vip (post-click redirect — user-verified for Amble),HIGH
Organic (parasite SEO),Amble Tirzepatide: What to Expect from a No-membership ...,office2.jmbfs.org,https://office2.jmbfs.org/plugins/generic/pdfJsViewer/pdf.js/web/viewer.html?file=%2Findex.php%2Findex%2Flogin%2FsignOut%3Fsource%3D.cami680.top&vid=67ibPD50cA,2 days ago — Amble is a telehealth platform that connects users with licensed healthcare providers who prescribe compounded Tirzepatide. Unlike many ... Read more,site:office2.jmbfs.org amble,cami680.top,67ibPD50cA,glp-1.healthbenefit.vip (post-click redirect — user-verified for Amble),HIGH
Organic (parasite SEO),Amble Tirzepatide: What to Expect from Compounded ...,office2.jmbfs.org,https://office2.jmbfs.org/plugins/generic/pdfJsViewer/pdf.js/web/viewer.html?file=%2Findex.php%2Findex%2Flogin%2FsignOut%3Fsource%3D.cami680.top&vid=67ibPD50cB,"2 days ago — Considering Amble for compounded tirzepatide? Learn what to expect from telehealth delivery, safety, costs, and step-by-step process.",site:office2.jmbfs.org amble,cami680.top,67ibPD50cB,glp-1.healthbenefit.vip (post-click redirect — user-verified for Amble),HIGH
Organic (parasite SEO),Amble Tirzepatide: What to Expect from the Telehealth Service,journals.econsciences.com,https://journals.econsciences.com/plugins/generic/pdfJsViewer/pdf.js/web/viewer.html?file=%2Findex.php%2Findex%2Flogin%2FsignOut%3Fsource%3D.dmouw13.top&vid=6872l2EMrJ,"1 day ago — Is Amble's Tirzepatide worth a look? Yes, for those seeking a straightforward telehealth path to GLP-1 weight loss. Read more",site:journals.econsciences.com amble,dmouw13.top,6872l2EMrJ,glp-1.healthbenefit.vip (post-click redirect — user-verified for Amble),HIGH
Organic (parasite SEO),Amble Tirzepatide: What to Know Before Ordering,office2.jmbfs.org,https://office2.jmbfs.org/plugins/generic/pdfJsViewer/pdf.js/web/viewer.html?file=%2Findex.php%2Findex%2Flogin%2FsignOut%3Fsource%3D.cami680.top&vid=67ibPD50cC,2 days ago — Tirzepatide is a prescription-only medication; Amble connects you with a licensed provider for screening. · Costs vary from $300–$600 monthly ... Read more,site:office2.jmbfs.org amble,cami680.top,67ibPD50cC,glp-1.healthbenefit.vip (post-click redirect — user-verified for Amble),HIGH
Organic (parasite SEO),Amble Tirzepatide: What to Know Before You Order Online,journals.econsciences.com,https://journals.econsciences.com/plugins/generic/pdfJsViewer/pdf.js/web/viewer.html?file=%2Findex.php%2Findex%2Flogin%2FsignOut%3Fsource%3D.dmouw13.top&vid=6872l2EMrL,1 day ago — Amble Tirzepatide is only available through the official Amble website. You cannot purchase it in retail stores or other online pharmacies ... Read more,site:journals.econsciences.com amble,dmouw13.top,6872l2EMrL,glp-1.healthbenefit.vip (post-click redirect — user-verified for Amble),HIGH
Organic (parasite SEO),Amble Tirzepatide: What Users Say About Side Effects,journals.econsciences.com,https://journals.econsciences.com/plugins/generic/pdfJsViewer/pdf.js/web/viewer.html?file=%2Findex.php%2Findex%2Flogin%2FsignOut%3Fsource%3D.dmouw13.top&vid=6872l2EMrH,"1 day ago — Yes for most users, Amble Tirzepatide can be effective for weight loss, but side effects like nausea, diarrhea, and injection site reactions ... Read more",site:journals.econsciences.com amble,dmouw13.top,6872l2EMrH,glp-1.healthbenefit.vip (post-click redirect — user-verified for Amble),HIGH
Organic (parasite SEO),Amble Tirzepatide: What You Need to Know About the Program,journals.econsciences.com,https://journals.econsciences.com/plugins/generic/pdfJsViewer/pdf.js/web/viewer.html?file=%2Findex.php%2Findex%2Flogin%2FsignOut%3Fsource%3D.dmouw13.top&vid=6872l2EMrI,"1 day ago — Amble Tirzepatide offers a convenient and somewhat lower-cost entry into tirzepatide therapy compared to brand-name prescriptions, especially if ... Read more",site:journals.econsciences.com amble,dmouw13.top,6872l2EMrI,glp-1.healthbenefit.vip (post-click redirect — user-verified for Amble),HIGH
Organic (parasite SEO),Amble Vs Local Tirzepatide: Which Is Right for You?,office2.jmbfs.org,https://office2.jmbfs.org/plugins/generic/pdfJsViewer/pdf.js/web/viewer.html?file=%2Findex.php%2Findex%2Flogin%2FsignOut%3Fsource%3D.cami680.top&vid=67ibPD50cD,2 days ago — Amble is a direct-to-consumer telehealth service that connects you with licensed practitioners who prescribe and manage GLP-1 medications like ... Read more,site:office2.jmbfs.org amble,cami680.top,67ibPD50cD,glp-1.healthbenefit.vip (post-click redirect — user-verified for Amble),HIGH
Organic (parasite SEO),Amble Vs Other Telehealth GLP-1 Programs,www.revistarelart.com,https://www.revistarelart.com/plugins/generic/pdfJsViewer/pdf.js/web/viewer.html?file=%2Findex.php%2Findex%2Flogin%2FsignOut%3Fsource%3D.cami680.top&vid=67ibPD50cE,"2 days ago — Amble typically charges a flat monthly membership fee and medication costs separately, which can be lower than all-in-one programs like Ro Body ... Read more",join amble health glp-1,cami680.top,67ibPD50cE,glp-1.healthbenefit.vip (post-click redirect — user-verified for Amble),HIGH
Organic (parasite SEO),Amble Vs Other Telehealth GLP-1 Services: Honest Review,office2.jmbfs.org,https://office2.jmbfs.org/plugins/generic/pdfJsViewer/pdf.js/web/viewer.html?file=%2Findex.php%2Findex%2Flogin%2FsignOut%3Fsource%3D.cami680.top&vid=68EBb1Qyyy,Amble is a telehealth platform that connects you with licensed healthcare providers who can evaluate your eligibility for GLP-1 medications.,join amble health glp-1,cami680.top,68EBb1Qyyy,glp-1.healthbenefit.vip (post-click redirect — user-verified for Amble),HIGH
Organic (parasite SEO),Amble Weight Loss Review: What New Patients Should Expect,www.mattioli1885journals.com,https://www.mattioli1885journals.com/plugins/generic/pdfJsViewer/pdf.js/web/viewer.html?file=%2Findex.php%2Findex%2Flogin%2FsignOut%3Fsource%3D.ojsnua44.top&vid=5u1bsVPvnQ,"Jun 1, 2026 — Amble's telehealth platform connects patients to GLP-1 receptor agonists for weight loss, with pivotal trials showing 15% reduction at 68 ...",site:mattioli1885journals.com amble,ojsnua44.top,5u1bsVPvnQ,glp-1.healthbenefit.vip (post-click redirect — user-verified for Amble),HIGH
Organic (parasite SEO),Amble Weight Loss: Amble Health Review and Pricing,www.mattioli1885journals.com,https://www.mattioli1885journals.com/plugins/generic/pdfJsViewer/pdf.js/web/viewer.html?file=%2Findex.php%2Findex%2Flogin%2FsignOut%3Fsource%3D.ojsnua44.top&vid=5w77tcmb0n,"Jun 6, 2026 — Amble Health is a telehealth platform that connects patients with licensed providers for weight loss treatment. They specialize in prescribing ... Read more","site:mattioli1885journals.com ""amble health""",ojsnua44.top,5w77tcmb0n,glp-1.healthbenefit.vip (post-click redirect — user-verified for Amble),HIGH
Organic (parasite SEO),Berberine Vs Dihydroberberine Two Powerful Natural ...,mattioli1885journals.com,https://mattioli1885journals.com/plugins/generic/pdfJsViewer/pdf.js/web/viewer.html?file=%2Findex.php%2Findex%2Flogin%2FsignOut%3Fsource%3D.feelcools.com%2Fvideos%2F&id=k_berberine-vs-dihydroberberine-two-powerful-natural-weightloss-supplement-which-one-is-better,"Jun 8, 2026 — ... Amble Health and I'm literally sooo excited! Sermorelin is a total fat-burning secret weapon: ⚡️ Boosts natural growth hormone (GH), which ... Read more","site:mattioli1885journals.com ""amble health""",feelcools.com/videos/,,glp-1.healthbenefit.vip (post-click redirect — user-verified for Amble),HIGH
Organic (parasite SEO),Cheapest GLP-1 Online: Plans Under $200 Per Month ...,office2.jmbfs.org,https://office2.jmbfs.org/plugins/generic/pdfJsViewer/pdf.js/web/viewer.html?file=%2Findex.php%2Findex%2Flogin%2FsignOut%3Fsource%3D.cami680.top&vid=673fok6z7u,"4 days ago — Amble Health, $150, Compounded semaglutide, Included, Free 3–7 days, 3 dose levels, Monthly auto-refill, 503A pharmacy. Ro Body, $199 ... Read more",site:office2.jmbfs.org amble,cami680.top,673fok6z7u,glp-1.healthbenefit.vip (post-click redirect — user-verified for Amble),HIGH
Organic (parasite SEO),Cheapest GLP1 Programs Online Without Insurance in 2026,www.mattioli1885journals.com,https://www.mattioli1885journals.com/plugins/generic/pdfJsViewer/pdf.js/web/viewer.html?file=%2Findex.php%2Findex%2Flogin%2FsignOut%3Fsource%3D.ojsnua44.top&vid=6872znwKTS,"1 day ago — After comparing eight online programs, the cheapest options in 2026 are compounded semaglutide from Amble Health at $149/month and GobyMeds for ... Read more","site:mattioli1885journals.com ""amble health""",ojsnua44.top,6872znwKTS,glp-1.healthbenefit.vip (post-click redirect — user-verified for Amble),HIGH
Organic (parasite SEO),Choosing Between Amble Semaglutide and Local ...,office2.jmbfs.org,https://office2.jmbfs.org/plugins/generic/pdfJsViewer/pdf.js/web/viewer.html?file=%2Findex.php%2Findex%2Flogin%2FsignOut%3Fsource%3D.cami680.top&vid=67ibbElFJt,"2 days ago — Amble is a telehealth platform that prescribes compounded semaglutide after a remote evaluation. You fill out a health questionnaire, speak with ... Read more",site:office2.jmbfs.org amble,cami680.top,67ibbElFJt,glp-1.healthbenefit.vip (post-click redirect — user-verified for Amble),HIGH
Organic (parasite SEO),Cinnamon for Weight Loss Does it Work?,mattioli1885journals.com,https://mattioli1885journals.com/plugins/generic/pdfJsViewer/pdf.js/web/viewer.html?file=%2Findex.php%2Findex%2Flogin%2FsignOut%3Fsource%3D.feelcools.com%2F&ai=k_cinnamon-for-weight-loss-does-it-work,"Unfortunately, according to the risk-benefit ratio, we cannot treat children or pregnant women. Amble Health Compounded Semaglutide For Weight Loss Review. Read more","site:mattioli1885journals.com ""amble health""",feelcools.com/,,glp-1.healthbenefit.vip (post-click redirect — user-verified for Amble),HIGH
Organic (parasite SEO),Comparing Pricing to a Semaglutide Clinic Near Me,office2.jmbfs.org,https://office2.jmbfs.org/plugins/generic/pdfJsViewer/pdf.js/web/viewer.html?file=%2Findex.php%2Findex%2Flogin%2FsignOut%3Fsource%3D.cami680.top&vid=62rrg75ATX,"Jun 22, 2026 — Amble offers lower upfront semaglutide prices than many in-person clinics, but monthly memberships add up. For short-term use, clinics might ... Read more",site:office2.jmbfs.org amble,cami680.top,62rrg75ATX,glp-1.healthbenefit.vip (post-click redirect — user-verified for Amble),HIGH
Organic (parasite SEO),Compound Tirzepatide Near Me and Semaglutide Shots,mail.mattioli1885journals.com,https://mail.mattioli1885journals.com/plugins/generic/pdfJsViewer/pdf.js/web/viewer.html?file=%2Findex.php%2Findex%2Flogin%2FsignOut%3Fsource%3D.dmouw13.top&vid=66W0pmLkpE,Amble provides compounded tirzepatide and semaglutide shots through online consultations with licensed pharmacies. Compound tirzepatide near me ...,site:mail.mattioli1885journals.com amble,dmouw13.top,66W0pmLkpE,glp-1.healthbenefit.vip (post-click redirect — user-verified for Amble),HIGH
Organic (parasite SEO),Compounded Tirzepatide Near Me: What Amble Users ...,office2.jmbfs.org,https://office2.jmbfs.org/plugins/generic/pdfJsViewer/pdf.js/web/viewer.html?file=%2Findex.php%2Findex%2Flogin%2FsignOut%3Fsource%3D.cami680.top&vid=66s3fgh5Gr,5 days ago — Compounded tirzepatide is not FDA-approved for weight loss; it's a custom version produced during drug shortages. · Amble users report ... Read more,site:office2.jmbfs.org amble,cami680.top,66s3fgh5Gr,glp-1.healthbenefit.vip (post-click redirect — user-verified for Amble),HIGH
Organic (parasite SEO),From Amble to Local Clinic: Comparing Semaglutide Outcomes,mail.mattioli1885journals.com,https://mail.mattioli1885journals.com/plugins/generic/pdfJsViewer/pdf.js/web/viewer.html?file=%2Findex.php%2Findex%2Flogin%2FsignOut%3Fsource%3D.dmouw13.top&vid=6873UGLE4G,Amble is a strong choice for otherwise healthy adults seeking affordable semaglutide without frequent office visits. Local clinics offer more ...,site:mail.mattioli1885journals.com amble,dmouw13.top,6873UGLE4G,glp-1.healthbenefit.vip (post-click redirect — user-verified for Amble),HIGH
Organic (parasite SEO),How Amble Semaglutide Fits into a Step-by-step Telehealth ...,journals.econsciences.com,https://journals.econsciences.com/plugins/generic/pdfJsViewer/pdf.js/web/viewer.html?file=%2Findex.php%2Findex%2Flogin%2FsignOut%3Fsource%3D.dmouw13.top&vid=67qQoLzrpi,"2 days ago — Amble provides a clear, streamlined path to semaglutide through telehealth. The process includes an online health assessment, a consultation ... Read more",join amble health glp-1,dmouw13.top,67qQoLzrpi,glp-1.healthbenefit.vip (post-click redirect — user-verified for Amble),HIGH
Organic (parasite SEO),How Amble Semaglutide Works: Telehealth Steps Explained,jmedika.com,https://jmedika.com/plugins/generic/pdfJsViewer/pdf.js/web/viewer.html?file=%2Findex.php%2Findex%2Flogin%2FsignOut%3Fsource%3D.camikh9.top&vid=64D6xH9k81,"Jun 25, 2026 — Amble offers a convenient telehealth route for obtaining semaglutide, but its value depends on your specific health needs and budget. Read more",join amble health glp-1,camikh9.top,64D6xH9k81,glp-1.healthbenefit.vip (post-click redirect — user-verified for Amble),HIGH
Organic (parasite SEO),How Amble Tirzepatide Works: Licensed Pharmacy Access Near You,www.mattioli1885journals.com,https://www.mattioli1885journals.com/plugins/generic/pdfJsViewer/pdf.js/web/viewer.html?file=%2Findex.php%2Findex%2Flogin%2FsignOut%3Fsource%3D.ojsnua44.top&vid=64U3wEiXAN,"Amble offers a streamlined process for obtaining compounded tirzepatide, with strong pharmacy oversight and transparent pricing. It is a solid ...",site:mattioli1885journals.com amble,ojsnua44.top,64U3wEiXAN,glp-1.healthbenefit.vip (post-click redirect — user-verified for Amble),HIGH
Organic (parasite SEO),How L Fell When L Lose Weight Shorts - Mattioli 1885,mattioli1885journals.com,https://mattioli1885journals.com/plugins/generic/pdfJsViewer/pdf.js/web/viewer.html?file=%2Findex.php%2Findex%2Flogin%2FsignOut%3Fsource%3D.feelcools.com%2Fvideos%2F&id=k_how-l-fell-when-l-lose-weight-shorts,"Jun 8, 2026 — ... Amble Health and I'm literally sooo excited! Sermorelin is a total fat-burning secret weapon: ⚡️ Boosts natural growth hormone (GH), which ... Read more","site:mattioli1885journals.com ""amble health""",feelcools.com/videos/,,glp-1.healthbenefit.vip (post-click redirect — user-verified for Amble),HIGH
Organic (parasite SEO),How to Choose Between Amble and Local Tirzepatide,www.mattioli1885journals.com,https://www.mattioli1885journals.com/plugins/generic/pdfJsViewer/pdf.js/web/viewer.html?file=%2Findex.php%2Findex%2Flogin%2FsignOut%3Fsource%3D.ojsnua44.top&vid=68hciiyAhP,"Amble is the better choice for most people seeking affordable, convenient access to tirzepatide without leaving home. Its streamlined online ...",site:mattioli1885journals.com amble,ojsnua44.top,68hciiyAhP,glp-1.healthbenefit.vip (post-click redirect — user-verified for Amble),HIGH
Organic (parasite SEO),How to Compare Amble and Ivim Health for GLP-1 Care,www.mattioli1885journals.com,https://www.mattioli1885journals.com/plugins/generic/pdfJsViewer/pdf.js/web/viewer.html?file=%2Findex.php%2Findex%2Flogin%2FsignOut%3Fsource%3D.ojsnua44.top&vid=5xNstyn0BD,"Jun 9, 2026 — Amble is a subscription-based telehealth platform that connects patients with licensed medical providers for weight management, including GLP-1 ... Read more",site:mattioli1885journals.com amble,ojsnua44.top,5xNstyn0BD,glp-1.healthbenefit.vip (post-click redirect — user-verified for Amble),HIGH
Organic (parasite SEO),How to Get Amble Semaglutide Through a Local Clinic Online,office2.jmbfs.org,https://office2.jmbfs.org/plugins/generic/pdfJsViewer/pdf.js/web/viewer.html?file=%2Findex.php%2Findex%2Flogin%2FsignOut%3Fsource%3D.cami680.top&vid=67PBySEGiR,Amble semaglutide is a brand-specific GLP-1 medication obtained via a telehealth platform that works with local clinics or partner pharmacies.,join amble health glp-1; site:office2.jmbfs.org amble,cami680.top,67PBySEGiR,glp-1.healthbenefit.vip (post-click redirect — user-verified for Amble),HIGH
Organic (parasite SEO),Keto Shop Australia Keto Lean - Mattioli 1885,mattioli1885journals.com,https://mattioli1885journals.com/plugins/generic/pdfJsViewer/pdf.js/web/viewer.html?file=%2Findex.php%2Findex%2Flogin%2FsignOut%3Fsource%3D.feelcools.com%2F&ai=k_keto-shop-australia-keto-lean,"Amble Health Compounded Semaglutide For Weight Loss Review, How To Achieve Weight Loss With 21 Days Challenge Fasting Tips Indian Weight Loss Diet By Richa ... Read more","site:mattioli1885journals.com ""amble health""",feelcools.com/,,glp-1.healthbenefit.vip (post-click redirect — user-verified for Amble),HIGH
Organic (parasite SEO),Not Losing Weight But Gaining Progress - Mattioli 1885,mattioli1885journals.com,https://mattioli1885journals.com/plugins/generic/pdfJsViewer/pdf.js/web/viewer.html?file=%2Findex.php%2Findex%2Flogin%2FsignOut%3Fsource%3D.feelcools.com%2Fvideos%2F&id=k_not-losing-weight-but-gaining-progress,"Jun 6, 2026 — In this video, I'll share that I lost 35 pounds with the help of semaglutide. Learn of Amble Health's cost and pricing per dose and how much you ... Read more","site:mattioli1885journals.com ""amble health""",feelcools.com/videos/,,glp-1.healthbenefit.vip (post-click redirect — user-verified for Amble),HIGH
Organic (parasite SEO),Semaglutide Clinic Near Me Vs Amble Semaglutide Online,office2.jmbfs.org,https://office2.jmbfs.org/plugins/generic/pdfJsViewer/pdf.js/web/viewer.html?file=%2Findex.php%2Findex%2Flogin%2FsignOut%3Fsource%3D.cami680.top&vid=66W2UeEoQh,"5 days ago — Amble is a telehealth platform that connects you with a licensed provider through a virtual consultation. After approval, they ship compounded ... Read more",site:office2.jmbfs.org amble,cami680.top,66W2UeEoQh,glp-1.healthbenefit.vip (post-click redirect — user-verified for Amble),HIGH
Organic (parasite SEO),Semaglutide Tablets and Amble: Pricing Guide,www.mattioli1885journals.com,https://www.mattioli1885journals.com/plugins/generic/pdfJsViewer/pdf.js/web/viewer.html?file=%2Findex.php%2Findex%2Flogin%2FsignOut%3Fsource%3D.ojsnua44.top&vid=67idWHHv7c,"2 days ago — Amble provides an all‑in‑one service: telehealth visit, medication, and shipping — no separate pharmacy trip needed. Insurance is not accepted ... Read more",site:mattioli1885journals.com amble,ojsnua44.top,67idWHHv7c,glp-1.healthbenefit.vip (post-click redirect — user-verified for Amble),HIGH
Organic (parasite SEO),Semaglutide Tablets Price Compared to Amble Semaglutide ...,journals.econsciences.com,https://journals.econsciences.com/plugins/generic/pdfJsViewer/pdf.js/web/viewer.html?file=%2Findex.php%2Findex%2Flogin%2FsignOut%3Fsource%3D.dmouw13.top&vid=6874kbPvWd,"1 day ago — Oral semaglutide (Rybelsus) offers an FDA-approved daily pill, while Amble provides compounded injectable semaglutide through a telehealth ... Read more",site:journals.econsciences.com amble,dmouw13.top,6874kbPvWd,glp-1.healthbenefit.vip (post-click redirect — user-verified for Amble),HIGH
Organic (parasite SEO),Semaglutide Tablets Price: Comparing Oral Options Like ...,office2.jmbfs.org,https://office2.jmbfs.org/plugins/generic/pdfJsViewer/pdf.js/web/viewer.html?file=%2Findex.php%2Findex%2Flogin%2FsignOut%3Fsource%3D.cami680.top&vid=67JFTtQ7Zp,"3 days ago — Price range: Rybelsus runs $800–$1,200/month; compounded oral semaglutide from services like Amble may cost $200–$500/month. FDA vs. compounded: ... Read more",site:office2.jmbfs.org amble,cami680.top,67JFTtQ7Zp,glp-1.healthbenefit.vip (post-click redirect — user-verified for Amble),HIGH
Organic (parasite SEO),The Truth About Weight Loss Ozempic Weightlossjourney ...,mattioli1885journals.com,https://mattioli1885journals.com/plugins/generic/pdfJsViewer/pdf.js/web/viewer.html?file=%2Findex.php%2Findex%2Flogin%2FsignOut%3Fsource%3D.feelcools.com%2Fvideos%2F&id=k_the-truth-about-weight-loss-ozempic-weightlossjourney-ozempic,"Amble Health Compounded Semaglutide For Weight Loss Review. An error occurred. Try watching this video on www.youtube.com, or enable JavaScript if it is ... Read more","site:mattioli1885journals.com ""amble health""",feelcools.com/videos/,,glp-1.healthbenefit.vip (post-click redirect — user-verified for Amble),HIGH
Organic (parasite SEO),Understanding Amble Semaglutide and How It Works,revistainfectio.org,https://revistainfectio.org/plugins/generic/pdfJsViewer/pdf.js/web/viewer.html?file=%2Findex.php%2Findex%2Flogin%2FsignOut%3Fsource%3D.ojsnua44.top&vid=6874vYOQee,"Amble's compounded semaglutide is prescribed primarily for weight management. If you have type 2 diabetes, it may also help with blood sugar ...",amble compounded semaglutide,ojsnua44.top,6874vYOQee,glp-1.healthbenefit.vip (post-click redirect — user-verified for Amble),HIGH
Organic (parasite SEO),Wegovy Near Me and Amble Tirzepatide: Comparing Providers,mail.mattioli1885journals.com,https://mail.mattioli1885journals.com/plugins/generic/pdfJsViewer/pdf.js/web/viewer.html?file=%2Findex.php%2Findex%2Flogin%2FsignOut%3Fsource%3D.dmouw13.top&vid=68750SBccT,"1 day ago — Compare Wegovy vs Amble Tirzepatide for weight loss. Find providers near you. Learn costs, effectiveness, side effects, and how to choose ...",site:mattioli1885journals.com amble,dmouw13.top,68750SBccT,glp-1.healthbenefit.vip (post-click redirect — user-verified for Amble),HIGH
Organic (parasite SEO),Wegovy Near Me and Compound Tirzepatide,mail.mattioli1885journals.com,https://mail.mattioli1885journals.com/plugins/generic/pdfJsViewer/pdf.js/web/viewer.html?file=%2Findex.php%2Findex%2Flogin%2FsignOut%3Fsource%3D.dmouw13.top&vid=68750SBccU,"Wegovy is a branded, FDA-approved option, while compound tirzepatide from services like Amble may offer a more affordable alternative ...",site:mail.mattioli1885journals.com amble,dmouw13.top,68750SBccU,glp-1.healthbenefit.vip (post-click redirect — user-verified for Amble),HIGH
Organic (parasite SEO),Wegovy Near Me or Amble Tirzepatide,prueba.revistainfectio.org,https://prueba.revistainfectio.org/plugins/generic/pdfJsViewer/pdf.js/web/viewer.html?file=%2Findex.php%2Findex%2Flogin%2FsignOut%3Fsource%3D.dmouw13.top&vid=68750SBccV,"1 day ago — Wegovy offers FDA-approved consistency but requires a local doctor, while Amble provides access to compounded tirzepatide via telehealth at ... Read more",amble health wegovy,dmouw13.top,68750SBccV,glp-1.healthbenefit.vip (post-click redirect — user-verified for Amble),HIGH
Organic (parasite SEO),Wegovy Vs Compound Tirzepatide: Amble Telehealth ...,www.revistarelart.com,https://www.revistarelart.com/plugins/generic/pdfJsViewer/pdf.js/web/viewer.html?file=%2Findex.php%2Findex%2Flogin%2FsignOut%3Fsource%3D.cami680.top&vid=67iewWKyva,2 days ago — Wegovy is FDA-approved for chronic weight management; compound tirzepatide is used off-label. · Compound tirzepatide may lead to greater weight ... Read more,amble health wegovy,cami680.top,67iewWKyva,glp-1.healthbenefit.vip (post-click redirect — user-verified for Amble),HIGH
Organic (parasite SEO),Weight Loss Exercises At Home Fat Burning Workout Yoga ...,mattioli1885journals.com,https://mattioli1885journals.com/plugins/generic/pdfJsViewer/pdf.js/web/viewer.html?file=%2Findex.php%2Findex%2Flogin%2FsignOut%3Fsource%3D.feelcools.com%2Fvideos%2F&id=k_weight-loss-exercises-at-home-fat-burning-workout-yoga-weightloss-fitnessroutine-shorts-yt,"Amble Health Compounded Semaglutide For Weight Loss Review. An error occurred. Try watching this video on www.youtube.com, or enable JavaScript if it is ... Read more","site:mattioli1885journals.com ""amble health""",feelcools.com/videos/,,glp-1.healthbenefit.vip (post-click redirect — user-verified for Amble),HIGH
Organic (parasite SEO),Weight Loss Injections with Amble Weight Loss: What to Know,www.mattioli1885journals.com,https://www.mattioli1885journals.com/plugins/generic/pdfJsViewer/pdf.js/web/viewer.html?file=%2Findex.php%2Findex%2Flogin%2FsignOut%3Fsource%3D.ojsnua44.top&vid=5zCnsmMTuj,"Jun 13, 2026 — Amble Weight Loss delivers a convenient, all-in-one program for semaglutide weight loss injections at a competitive flat rate. It simplifies the ... Read more",amble health weight loss,ojsnua44.top,5zCnsmMTuj,glp-1.healthbenefit.vip (post-click redirect — user-verified for Amble),HIGH
Organic (parasite SEO),What Amble Semaglutide Includes: Services and Delivery ...,jptcp.com,https://jptcp.com/plugins/generic/pdfJsViewer/pdf.js/web/viewer.html?file=%2Findex.php%2Findex%2Flogin%2FsignOut%3Fsource%3D.cnaiiy2.top&vid=67if2zdO4Q,2 days ago — Amble Semaglutide is a subscription-based telehealth service that provides access to generic semaglutide for weight management. The program ... Read more,amble semaglutide,cnaiiy2.top,67if2zdO4Q,glp-1.healthbenefit.vip (post-click redirect — user-verified for Amble),HIGH
Organic (parasite SEO),What Amble Semaglutide Offers: Telehealth Convenience ...,journals.econsciences.com,https://journals.econsciences.com/plugins/generic/pdfJsViewer/pdf.js/web/viewer.html?file=%2Findex.php%2Findex%2Flogin%2FsignOut%3Fsource%3D.dmouw13.top&vid=67HJ09wgtI,3 days ago — Amble Semaglutide offers a streamlined telehealth platform that combines convenience with medical oversight for those seeking GLP-1 therapy. Read more,amble health telehealth; amble health wegovy,dmouw13.top,67HJ09wgtI,glp-1.healthbenefit.vip (post-click redirect — user-verified for Amble),HIGH
Organic (parasite SEO),What Does Amble Semaglutide Include in Its Monthly Plan?,smartscitech.com,https://smartscitech.com/plugins/generic/pdfJsViewer/pdf.js/web/viewer.html?file=%2Findex.php%2Findex%2Flogin%2FsignOut%3Fsource%3D.cami680.top&vid=67PDDxiNHk,"3 days ago — Amble's monthly plan bundles compounded semaglutide with telehealth provider consultations, dosing support, and home delivery. Read more",amble compounded semaglutide,cami680.top,67PDDxiNHk,glp-1.healthbenefit.vip (post-click redirect — user-verified for Amble),HIGH
Organic (parasite SEO),What Is Amble Weight Loss? Program Costs and Access in 2026,www.mattioli1885journals.com,https://www.mattioli1885journals.com/plugins/generic/pdfJsViewer/pdf.js/web/viewer.html?file=%2Findex.php%2Findex%2Flogin%2FsignOut%3Fsource%3D.ojsnua44.top&vid=60noD5yGjN,"Jun 17, 2026 — Amble Weight Loss is a subscription-based telemedicine program offering GLP-1 medications like semaglutide. With 2026 costs ranging roughly ... Read more",site:mattioli1885journals.com amble,ojsnua44.top,60noD5yGjN,glp-1.healthbenefit.vip (post-click redirect — user-verified for Amble),HIGH
Organic (parasite SEO),What to Expect from a Telehealth Weight Loss Program,www.mattioli1885journals.com,https://www.mattioli1885journals.com/plugins/generic/pdfJsViewer/pdf.js/web/viewer.html?file=%2Findex.php%2Findex%2Flogin%2FsignOut%3Fsource%3D.ojsnua44.top&vid=61gJXhqXSI,"Jun 19, 2026 — Amble provides a straightforward telehealth platform for weight loss, focusing on GLP-1 medications like semaglutide and tirzepatide. The ... Read more",site:mattioli1885journals.com amble,ojsnua44.top,61gJXhqXSI,glp-1.healthbenefit.vip (post-click redirect — user-verified for Amble),HIGH
Organic (parasite SEO),What to Expect from Amble Tirzepatide Treatment in 2026,www.mattioli1885journals.com,https://www.mattioli1885journals.com/plugins/generic/pdfJsViewer/pdf.js/web/viewer.html?file=%2Findex.php%2Findex%2Flogin%2FsignOut%3Fsource%3D.ojsnua44.top&vid=63gtERJBBK,"Amble Tirzepatide treatment in 2026 is a viable option for many US adults seeking medical weight loss, but it's not for everyone.",site:mattioli1885journals.com amble,ojsnua44.top,63gtERJBBK,glp-1.healthbenefit.vip (post-click redirect — user-verified for Amble),HIGH
Organic (parasite SEO),What to Expect When You Order Amble Tirzepatide Online,www.mattioli1885journals.com,https://www.mattioli1885journals.com/plugins/generic/pdfJsViewer/pdf.js/web/viewer.html?file=%2Findex.php%2Findex%2Flogin%2FsignOut%3Fsource%3D.ojsnua44.top&vid=63gtERJBBJ,"Jun 24, 2026 — Ordering tirzepatide online through Amble offers a modern way to manage weight loss under medical supervision. This guide covers everything you ... Read more",site:mattioli1885journals.com amble,ojsnua44.top,63gtERJBBJ,glp-1.healthbenefit.vip (post-click redirect — user-verified for Amble),HIGH
Organic (parasite SEO),What You Need to Know About Compounded GLP-1,jtatm.textiles.ncsu.edu,https://jtatm.textiles.ncsu.edu/plugins/generic/pdfJsViewer/pdf.js/web/viewer.html?file=%2Findex.php%2Findex%2Flogin%2FsignOut%3Fsource%3D.cnaiiy2.top&vid=6872jghtpm,"1 day ago — Amble Semaglutide is a compounded formulation of semaglutide, the active ingredient in brand-name drugs like Ozempic and Wegovy. Compounding ... Read more",amble compounded semaglutide,cnaiiy2.top,6872jghtpm,glp-1.healthbenefit.vip (post-click redirect — user-verified for Amble),HIGH
Organic (parasite SEO),Why Amble Semaglutide Stands Out Among Online GLP-1 ...,jptcp.com,https://jptcp.com/plugins/generic/pdfJsViewer/pdf.js/web/viewer.html?file=%2Findex.php%2Findex%2Flogin%2FsignOut%3Fsource%3D.cnaiiy2.top&vid=64ClAKRkUh,"Jun 25, 2026 — Amble Semaglutide offers an excellent value for those who want a no-nonsense, fully online GLP-1 program. Its monthly membership bundles the ... Read more",join amble health glp-1,cnaiiy2.top,64ClAKRkUh,glp-1.healthbenefit.vip (post-click redirect — user-verified for Amble),HIGH
Organic (parasite SEO),Willow Health Vs Amble Health: Telehealth for Long-term GLP-1,www.mattioli1885journals.com,https://www.mattioli1885journals.com/plugins/generic/pdfJsViewer/pdf.js/web/viewer.html?file=%2Findex.php%2Findex%2Flogin%2FsignOut%3Fsource%3D.ojsnua44.top&vid=5x0hc6A7eu,"Jun 8, 2026 — Which is cheaper: Willow Health or Amble Health? Amble Health generally has lower base pricing, but Willow Health includes coaching that may ... Read more","""amble health"" affordable glp-1",ojsnua44.top,5x0hc6A7eu,glp-1.healthbenefit.vip (post-click redirect — user-verified for Amble),HIGH
Organic (parasite SEO),Willow Health Vs Amble: Which GLP-1 Provider Is Better?,www.mattioli1885journals.com,https://www.mattioli1885journals.com/plugins/generic/pdfJsViewer/pdf.js/web/viewer.html?file=%2Findex.php%2Findex%2Flogin%2FsignOut%3Fsource%3D.ojsnua44.top&vid=5xNsxmoSpv,"Jun 9, 2026 — Amble focuses on affordability and a streamlined online process. Both require lab work and a valid prescription before starting GLP-1 therapy. Read more",site:mattioli1885journals.com amble,ojsnua44.top,5xNsxmoSpv,glp-1.healthbenefit.vip (post-click redirect — user-verified for Amble),HIGH
