channel,headline,display_domain,indexed_url,snippet,trigger_query,click_destination,severity
Organic (affiliate/review spam),gimme care semaglutide reviews,dshafjk.com,https://dshafjk.com/gimme-care-semaglutide-reviews-solution/,1 day ago — Gimme Care offers compounded semaglutide and tirzepatide with no membership fees and consistently lower prices than competitors.,"""gimme care"" semaglutide",Unknown — not gimme.care,LOW
Organic (affiliate/review spam),gimme care semaglutide reviews,taoaadt.com,https://taoaadt.com/gimme-care-semaglutide-reviews-detox/,Gimme Care operates as an online portal facilitating access to GLP-1 receptor agonists. A recurring theme in Gimme Care reviews is the ...,"""gimme care"" glp-1",Unknown — not gimme.care,LOW
Organic (affiliate/review spam),gimme care semaglutide reviews - taoaadt.com,taoaadt.com,https://taoaadt.com/gimme-care-semaglutide-reviews-oil/,Gimme Care operates as an online portal facilitating access to GLP-1 receptor agonists. A recurring theme in Gimme Care reviews is the ...,"""gimme care"" glp-1",Unknown — not gimme.care,LOW
Organic (affiliate/review spam),gimme care tirzepatide - accelerate labs semaglutide,taoaadt.com,https://taoaadt.com/gimme-care-tirzepatide-barrier/,"As a GLP-1/GIP receptor agonist, this synthetic peptid Read Customer Service Reviews of gimme.care e requires precise handling and a ...","""gimme care"" glp-1",Unknown — not gimme.care,LOW
Organic (affiliate/review spam),gimme care tirzepatide offers GLP-1 weight-loss medications ...,dshafjk.com,https://dshafjk.com/gimme-care-tirzepatide-gel/,2 days ago — We're reviewing Gimme Care an online platform offering access to compounded semiglutide and trespatide through a monthly membership model.,"""gimme care"" glp-1",Unknown — not gimme.care,LOW
Organic (affiliate/review spam),gimme care tirzepatide reviews,dshafjk.com,https://dshafjk.com/gimme-care-tirzepatide-reviews-shield/,"2 days ago — May 4, 2026 — Gimme Care offers compounded semaglutide and tirzepatide with no membership fees and consistently lower prices than ...","""gimme care"" semaglutide",Unknown — not gimme.care,LOW
Organic (affiliate/review spam),gimme care tirzepatide reviews - taoaadt.com,taoaadt.com,https://taoaadt.com/gimme-care-tirzepatide-reviews-ceramide/,2 days ago — The Gimme Care Weight Loss Review cycle often emphasizes the importance of verifying the source of compounded semaglutide and tirzepatide. Read more,"""gimme care"" semaglutide",Unknown — not gimme.care,LOW
Organic (affiliate/review spam),Gimme Care Tirzepatide Reviews for Weight Loss,dshafjk.com,https://dshafjk.com/gimme-care-tirzepatide-reviews-for-weight-loss-ultra/,"Gimme Care makes medical weight loss simple, transparent, and accessible, but the biological response to tirzepatide remains dependent on ...","""gimme care"" tirzepatide",Unknown — not gimme.care,LOW
Organic (affiliate/review spam),gimme care tirzepatide reviews for weight loss lost - taoaadt.com,taoaadt.com,https://taoaadt.com/gimme-care-tirzepatide-reviews-for-weight-loss-advanced/,"Gimme Care is a virtual GLP-1 provider that facilitates access to compounded semaglutide and tirzepatide, positioning itself as a ...","""gimme care"" semaglutide",Unknown — not gimme.care,LOW
Organic (affiliate/review spam),gimme health tirzepatide reviews - taoaadt.com,taoaadt.com,https://taoaadt.com/gimme-health-tirzepatide-reviews-booster/,"... (GLP-1) and glucose-dependent insulinotropic polypeptide (GIP). This ... However, a common Gimme Care review often highlights tha Gimme Care ...","""gimme care"" glp-1",Unknown — not gimme.care,LOW
Organic (affiliate/review spam),gimme semaglutide,taoaadt.com,https://taoaadt.com/gimme-semaglutide-dermatologist/,2 days ago — ... GLP-1 signaling remains within the intended physi Gimme Care (gimme.care)** — an online telehealth provider that offers GLP-1 weight-loss ... Read more,"""gimme care"" glp-1",Unknown — not gimme.care,LOW
Organic (affiliate/review spam),gimme semaglutide Learn more about Gimme Care - dshafjk.com,dshafjk.com,https://dshafjk.com/gimme-semaglutide-clean/,* Before Trying Gimme Care GLP-1 Weight Loss Program Compounded Semaglutide from $98: This price point reflects the competitive nature of the ...,"""gimme care"" glp-1; ""gimme care"" semaglutide",Unknown — not gimme.care,LOW
Organic (affiliate/review spam),gimme tirzepatide - accelerate labs semaglutide,taoaadt.com,https://taoaadt.com/gimme-tirzepatide-bioactive/,1 day ago — As individuals and researchers seek to learn more about Gimme Care and its position within the broader market of GLP-1 weight-loss medications ... Read more,"""gimme care"" glp-1",Unknown — not gimme.care,LOW
Organic (affiliate/review spam),gimme tirzepatide - dshafjk.com,dshafjk.com,https://dshafjk.com/gimme-tirzepatide-advanced/,* Efficacy: Research indicates potential outcomes of up to 15-20% weight loss in controlled coho Gimme Care rts using these specific peptide ...,"""gimme care"" tirzepatide",Unknown — not gimme.care,LOW
Organic (affiliate/review spam),gimme tirzepatide Learn more about Gimme Care,dshafjk.com,https://dshafjk.com/gimme-tirzepatide-purifying/,2 days ago — As individuals and researchers seek to learn more about Gimme Care and its position within the broader market of GLP-1 weight-loss medications ... Read more,"""gimme care"" glp-1",Unknown — not gimme.care,LOW
Organic (affiliate/review spam),gimme tirzepatide reviews,150cent.com,https://150cent.com/products/85298305689,gimme tirzepatide reviews Gimme Care Starter Plans Compounded Tirzepatide (Compliant with 28-Day Guideline) : r/gimmecare. Sale price$23.44 Regular price$26.04. Read more,"""gimme care"" glp-1",Unknown — not gimme.care,LOW
Organic (affiliate/review spam),gimme tirzepatide reviews,taoaadt.com,https://taoaadt.com/gimme-tirzepatide-reviews-alcoholfree/,"Gimme Care tirzepatide review (2026) — breaking down how this telehealth GLP-1 program works, what the sign-up and prescription process.","""gimme care"" tirzepatide",Unknown — not gimme.care,LOW
Organic (affiliate/review spam),gimme tirzepatide reviews Has anyone used Gimme Care ...,haddadjewelers.com,https://haddadjewelers.com/review/87173260614,gimme tirzepatide reviews Has anyone used Gimme Care for tirzepatide?,"""gimme care"" glp-1",Unknown — not gimme.care,LOW
Organic (affiliate/review spam),gimme tirzepatide WARNING,taoaadt.com,https://taoaadt.com/gimme-tirzepatide-pure/,"Learn more about Gimme Care. Compare GLP-1 treatments, pricing, and read reviews.","""gimme care"" glp-1",Unknown — not gimme.care,LOW
